dni;nombre;telefono;categoria;cod_dep
14743597T;Youssef Soto Santos;628603052;Médico;52138
78366044W;Max Núñez Rodríguez;654929835;Ingeniero;65978
16377251D;Chloe Giménez Moya;607629076;Enfermero;27047
82969038R;Jana Lozano Velasco;690336598;Representante;52085
88085493X;Diana Hernández Suárez;650546329;Representante;52085
65751164X;Daniel Nieto Fuentes;649604216;Técnico;52138
65010491V;Julieta Cabrera Velasco;630296236;Dependiente;65580
84425700P;Eric Ruiz Sanz;653126101;Enfermero;93544
83069520M;Íker Crespo Calvo;667559318;Enfermero;65580
25281922R;Nour Cano Sánchez;669416970;Atención al cliente;97761
78266662P;Sergio Lorenzo Giménez;673730238;Enfermero;93544
17396429O;Celia Jiménez Ibáñez;642989470;Dependiente;97761
31467060X;Gabriela Mora Velasco;681188442;Atención al cliente;65580
74872457A;Izan Ramírez Giménez;625662825;Técnico;65580
96205307F;Alejandro Moya Navarro;668940675;Representante;71804
83908608C;Adara Aguilar Durán;645669686;Secretario;70876
44712660A;Daniela Soto Navarro;684783924;Técnico;26989
10361221P;David Díaz Ibáñez;686543563;Marketing;65580
46490867N;Carla Fuentes Guerrero;682319396;Ingeniero;97761
15575361J;Antonio Cano Herrera;691272389;Contable;71804
81593649S;Daniela Rodríguez Cruz;640326537;Informatico;65978
97312296P;Alberto Cortés Soto;644366519;Atención al cliente;27047
58816748B;Vera Carmona Ferrer;655600612;Marketing;40920
29085870W;Lina Bravo Martínez;602936173;Técnico;52085
88436547Q;Pablo Lorenzo Benítez;632662202;Contable;26989
61944479M;Marina Méndez Vázquez;675261849;Médico;52138
63230921U;Jimena Díaz Esteban;654614545;Gestion de stock;42042
97287186B;Luna Montero Moya;664041482;Enfermero;65978
93326211Y;Inés Jiménez Aguilar;613879636;Dependiente;16760
75919815T;Elsa Ibáñez Muñoz;681589732;Ingeniero;97761
62119548U;Alicia Carrasco Herrera;601323135;Atención al cliente;70876
50488035K;Guillermo Lorenzo Soto;612966386;Marketing;65978
93411999G;Valentina Medina Cabrera;650238077;Gestion de stock;97761
42136165I;Alan García Vega;691803083;Limpieza;65978
57369824Z;Enzo Vargas Vidal;607624850;Informatico;32426
89705120O;Leire Reyes Blesa;626774612;Atención al cliente;93544
50736655J;Jana Domínguez Aguilar;671502793;Marketing;26989
24342945R;Adrián Aguilar Moreno;653321559;Informatico;27047
22620208Q;Aleix Medina Flores;638719070;Médico;32426
94087028E;Joel Durán Esteban;629162687;Limpieza;71804
34528488H;Daniel Suárez Cano;671951524;Médico;52138
51291076E;Héctor Ibáñez Benítez;694081690;Informatico;65580
33769171J;Victoria Giménez Cortés;682488667;Técnico;93544
42257166C;Marcos Cortés Cortés;663366225;Médico;42042
70529446L;Clara Álvarez Nieto;602077672;Atención al cliente;52138
63282902Z;Rayan Pascual Vicente;649808263;Limpieza;26989
61717927F;Olivia Moya Rubio;667226136;Gestion de stock;52138
90479779G;Alicia Ramírez Garrido;609318941;Contable;70876
48867359F;Raúl Díez Arias;644768637;Marketing;26989
56914772F;Luis Sanz Ibáñez;641586798;Dependiente;86963
55115767Q;Iria Pastor Serrano;698138846;Marketing;65580
96661159C;Elsa Ibáñez Molina;623584581;Dependiente;16760
70598811K;Helena Marín Hidalgo;609254556;Marketing;70876
60852743K;Aroa Rey Montero;626018635;Contable;27047
11233583W;Noah Cano Cabrera;668657178;Gestion de stock;65978
62874678H;India Santiago Gómez;685638948;Contable;26989
57381612B;Liam Sanz Aguilar;660746296;Médico;97761
42997913I;Aleix Ibáñez Cambil;613068055;Contable;26989
88074815Q;Bruno Pascual Crespo;640175174;Marketing;71804
73141122I;Gael Carmona Ferrer;691530171;Marketing;40920
15926670H;Asier Ramírez Mora;606119176;Atención al cliente;27047
41241425H;Gael Ramírez Blanco;619067824;Limpieza;70876
26536408A;Leo Muñoz Sánchez;612264609;Ingeniero;32426
85498421F;Liam Márquez Muñoz;642864485;Limpieza;40920
21289704P;Aleix Santos Ferrer;637584285;Informatico;65580
82435283R;Vega Caballero Vidal;676457743;Gestion de stock;42042
58466154U;Lia Díaz Ramírez;623561341;Limpieza;93544
91926204J;Diana Rubio Reyes;690322383;Técnico;86963
41440924L;Cloe Blesa Jiménez;604926431;Atención al cliente;40920
41780433I;Mateo Benítez Caballero;647166750;Técnico;86963
77548774E;Blanca Cambil Mora;649256946;Secretario;40920
79970142U;Aina Ferrer Vargas;630906339;Dependiente;93544
73602649D;Julia Montoro Arias;633480694;Enfermero;65580
96408013W;Teo Ferrer Moreno;652061538;Ingeniero;97761
16273614L;Axel Nieto Santana;631148108;Dependiente;40920
61042346C;Unai Núñez Crespo;605727125;Ingeniero;27047
28914640W;Izan López Durán;630077712;Representante;71804
49764566U;Chloe Crespo Gallardo;678609994;Atención al cliente;97761
55035904W;Pablo Flores Peña;674553936;Representante;65978
10410412S;Rayan Giménez Álvarez;603189727;Representante;65978
11832760I;José Blesa Giménez;653150826;Gestion de stock;40920
34285345V;Víctor Rey Marín;613302791;Informatico;52138
88578534B;Pol Morales Gallardo;601411153;Enfermero;27047
34533698R;Max Cortés Giménez;699024042;Dependiente;32426
23250348A;Íker Santiago Vega;678316954;Enfermero;32426
87338876O;Aitor León Díez;626802050;Marketing;86963
52329240X;Emma Rubio Gil;657704270;Contable;16760
91275185M;Ander Morales Nieto;630844301;Dependiente;65580
23378641C;Bruno Marín Román;669753520;Enfermero;32426
51767904V;Mohamed Prieto Suárez;606655128;Representante;42042
18978801J;Lucas Suárez Giménez;657355838;Dependiente;97761
70627818A;Julia Cano Ortega;624831781;Secretario;52138
68278849D;Ainhoa Fernández Giménez;689274123;Informatico;40920
36573104I;Mohamed Jiménez López;617014206;Limpieza;52085
30117580V;Luna Santana Sanz;604423103;Informatico;93544
28741372S;Aleix Vega Iglesias;692503901;Representante;86963
55364172I;Amaia Gutiérrez Lorenzo;694083129;Secretario;27047
95475610W;Elia Muñoz Castro;608102634;Contable;52085
52707393Z;Darío Ruiz Ferrer;679756352;Gestion de stock;40920
70967038M;Carlos Aguilar Montoro;658014564;Contable;65580
30825014M;Nour Carmona Moreno;627208239;Médico;26989
46002382M;Ignacio Soto Núñez;688644493;Gestion de stock;86963
59543579U;Daniel Cano Alonso;683199448;Limpieza;70876
94881288H;Arlet Santana Ramírez;655677540;Contable;52138
91341717P;Lucas Bravo Romero;608755533;Secretario;93544
86427883L;Ona Navarro González;679916936;Limpieza;40920
72090926Q;Isabella Cortés Reyes;630524002;Gestion de stock;27047
68894723S;Marco Guerrero Vicente;663365367;Médico;93544
66300114Z;Jaime Soler Arias;688157104;Técnico;65978
30319092B;Marco Herrero Montero;693542678;Secretario;65580
79911154L;Noah Gutiérrez Rodríguez;697780511;Enfermero;52138
10825629O;Macarena Méndez Giménez;676088028;Técnico;32426
68799723H;Jana Aguilar Peña;604735483;Secretario;71804
25038639S;Alejandro Vargas Martínez;673840645;Ingeniero;52138
28861045U;Anas Blanco Morales;602227582;Atención al cliente;32426
72856527S;Aurora Castillo Pérez;634034599;Ingeniero;40920
22885824L;Pau Peña Márquez;667676290;Contable;27047
54152811G;Raúl Montero Romero;674111993;Dependiente;52138
69389761F;Ian Fernández Hidalgo;685313103;Ingeniero;16760
25303561S;Mia Vidal Ibáñez;655628051;Enfermero;27047
95014040X;Nerea Mora León;655257104;Técnico;52138
41759583R;Ana Cambil Esteban;682942212;Contable;52085
47490750Q;Carlos Vega Montoro;688191040;Médico;26989
28163540M;Rafael Soler Castillo;625025871;Contable;42042
16978784B;Darío Pérez Giménez;687619153;Técnico;16760
35452519D;Valeria Alonso Gil;640273507;Informatico;65580
80255528N;Blanca Gutiérrez Vargas;630349952;Enfermero;97761
22909227M;Elías González Pérez;685924195;Técnico;65978
88372571P;Jon Vicente Muñoz;624516159;Ingeniero;26989
74293150M;Axel Serrano Cruz;679179473;Contable;16760
69952713I;Cloe Marín Muñoz;634237753;Secretario;52138
93421488B;Julia Pérez Cortés;670942086;Dependiente;65978
12751875B;Julia Ortega Montero;628393032;Representante;93544
15732035H;Hugo Sánchez Castillo;665991357;Enfermero;65580
32744740A;Ona Vázquez Cortés;630655863;Limpieza;32426
88877744M;Pol Cruz Cano;609299791;Secretario;70876
16663964N;Fernando Pascual González;623974675;Informatico;27047
48833143I;Clara Lozano Caballero;637285302;Dependiente;70876
40768656D;Íker Pérez Serrano;687859481;Médico;65978
26719807L;Aurora Gutiérrez Moya;695106623;Secretario;40920
90120767C;Pablo Santiago Carmona;606883162;Atención al cliente;40920
76219555X;Nuria Hidalgo Jiménez;625466101;Médico;32426
69514811N;Álvaro Suárez Méndez;625491698;Contable;71804
51083909Z;Rocío Jiménez Díez;617806721;Representante;65580
71138763L;Arlet Campos Morales;634245861;Técnico;65580
80194078P;Clara Vázquez Rodríguez;662936998;Marketing;27047
31226270F;Asier Moreno Guerrero;648345970;Médico;52138
66375194R;Pau Parra Gil;623917809;Secretario;16760
65412913F;Alan Cabrera Pérez;651114008;Gestion de stock;65978
89960133V;Unai Blesa Ortiz;636541139;Enfermero;27047
95961496D;Vega Vicente Garrido;662643815;Técnico;65978
83197720M;Martí Herrera Bravo;629915751;Atención al cliente;65580
89826967Z;Unai Nieto Crespo;635639772;Limpieza;26989
53980746K;Víctor Peña Esteban;629877534;Contable;32426
29816697Y;Nora Vargas Flores;628093458;Dependiente;52085
36212899C;Sara Álvarez Montero;600921018;Gestion de stock;93544
16738074R;Luis Rodríguez Carmona;681344202;Representante;93544
54721254L;Aarón Guerrero Fuentes;600548196;Informatico;65978
48348354E;Alberto Montoro Gallardo;690960703;Informatico;93544
90258995K;Paula Méndez Rey;625761881;Enfermero;52085
40284488D;Álex Álvarez Suárez;698176558;Informatico;40920
73847212S;Julen Parra Rubio;643946771;Enfermero;32426
28486445J;Elia Marín Castillo;685994815;Representante;86963
79892510C;Triana Herrero Sánchez;677272061;Técnico;42042
73862700I;Ana Molina Iglesias;687399965;Médico;32426
68883805N;Sofía Cambil Carmona;638134999;Secretario;65580
16186604P;Eric Sanz Cambil;691440995;Marketing;40920
27777288G;Isabel Méndez Prieto;662225995;Contable;27047
47170212Q;Lola Cambil Pascual;613292312;Marketing;26989
41930523U;Liam Bravo León;637883484;Gestion de stock;27047
80729074M;Adriana Nieto Cabrera;673345368;Informatico;27047
29856398H;Adara Herrera Romero;672554144;Dependiente;52085
64292404C;Rayan García Moya;678742810;Informatico;65580
63425187D;Diego Méndez Vázquez;667888486;Marketing;97761
95853768S;Elena Cambil Peña;697863456;Representante;70876
25653788H;Darío Esteban Gallego;661717855;Marketing;27047
23500021E;Andrea Ortega Castro;683458585;Marketing;52085
85966617O;Nuria Vicente Vega;660466511;Limpieza;26989
48190234M;Berta Ortega Cambil;644529855;Contable;70876
43606987Z;Blanca Pascual Reyes;646431224;Atención al cliente;32426
55640716M;Mohamed Sanz Cruz;626376523;Secretario;32426
72712970A;Ainhoa Martínez Soler;613719509;Representante;97761
48655065C;Aroa León Montoro;616836594;Gestion de stock;42042
20372867W;Nil Blanco García;655771781;Técnico;26989
79522971A;Nicolás Morales Pastor;666299911;Médico;65580
82497849L;Carmen Prieto Crespo;646916870;Atención al cliente;27047
24774193O;Martí Martín Bravo;694060145;Contable;52138
20902360U;Ona Aguilar Cabrera;692874559;Limpieza;32426
68919958C;Álvaro Lozano Ortega;685930635;Contable;65978
81375175P;India León Marín;684539782;Marketing;26989
95711568I;Biel Hidalgo Marín;642362934;Ingeniero;71804
85111444J;Ona Cortés García;604554217;Informatico;70876
92158684F;Arlet Cruz Blanco;600829012;Marketing;52138
83389659B;Candela Martín Lorenzo;689114370;Médico;52138
52928134N;Macarena Vicente Iglesias;603808725;Atención al cliente;26989
93273975H;Valeria Vázquez López;674510824;Enfermero;26989
63676150J;Daniela Romero Reyes;647920524;Informatico;71804
30424817M;Manuela León Fuentes;611727537;Secretario;86963
65043033T;Raúl Márquez Ferrer;695597371;Dependiente;97761
26480204P;Arlet Núñez Sánchez;609977536;Marketing;40920
56687377Q;Javier Serrano Soler;614129500;Enfermero;26989
41380847R;Alejandra Santana Flores;611037363;Ingeniero;42042
29234483Y;Aurora Álvarez Román;628785265;Dependiente;65978
34684850Z;Andrés Ortiz Soto;677221335;Secretario;40920
62650333E;Paula Caballero Caballero;654011405;Enfermero;52138
69573645G;Azahara Delgado Aguilar;698367756;Atención al cliente;40920
44638491T;Gala Campos Vargas;694048572;Gestion de stock;16760
43362166L;Ainara Medina Arias;669544054;Contable;52085
82137057N;Gabriela Esteban Vega;642793141;Ingeniero;40920
36433996G;Cristina Castro Morales;640505433;Técnico;27047
62344079Z;Ander Herrera Pérez;620440157;Contable;40920
69959778U;Rodrigo Morales Fernández;680687233;Informatico;40920
94778292M;Laura Domínguez Carrasco;660614849;Enfermero;97761
69848973O;Alan Carmona Sáez;640517259;Técnico;97761
55086581D;Gael Ibáñez Blanco;660023590;Marketing;93544
47793575A;Amaia Ruiz Pastor;616557962;Ingeniero;97761
34102596S;Aitana Marín Núñez;655751927;Gestion de stock;27047
69574489B;Triana Medina Fuentes;613118449;Marketing;97761
18956823R;Nuria Castro Cortés;687442024;Limpieza;27047
24202022Q;Oliver Soler Martínez;699236656;Marketing;52085
98664817K;Javier Arias Pascual;631997248;Dependiente;42042
99464751Y;Aitana Carrasco Sáez;626096023;Marketing;65978
69628669Y;Alejandro Soto Cabrera;663004631;Dependiente;86963
63122430V;Aina Molina Cruz;675616672;Enfermero;52085
70865376S;Laura Garrido Medina;668353139;Técnico;70876
94652603A;Gabriela Esteban Benítez;663232974;Contable;93544
22404394H;Thiago Román Ferrer;688449147;Informatico;27047
26104498P;Alejandra López Pastor;645421212;Limpieza;26989
13398406U;Julen Vázquez Ramírez;636952907;Enfermero;16760
92436338I;Pau Montero Cano;654283921;Limpieza;27047
33189967X;Elia Crespo Rubio;616065462;Técnico;71804
88631192R;Claudia Torres Cambil;606330195;Informatico;27047
67455773N;Eva Gallego Domínguez;607326339;Técnico;26989
33963345C;India Crespo Santiago;696064016;Dependiente;42042
59431984A;Victoria Molina Hidalgo;660105715;Atención al cliente;93544
71151907F;Elena Guerrero Gil;671824132;Contable;26989
97171799R;Antonio Mora Cortés;668928537;Atención al cliente;42042
97135142U;Amira Montoro Sáez;611808478;Técnico;70876
21671556X;Ángela Delgado Vidal;627304000;Marketing;97761
82704709O;Álvaro Álvarez Crespo;609554523;Técnico;32426
46649036U;Triana León Moya;627671645;Informatico;32426
37010439C;Thiago Flores Vidal;661731658;Atención al cliente;42042
84347498Z;Rubén Velasco Sánchez;629134403;Dependiente;70876
14206600A;Lola Morales Núñez;668792030;Informatico;93544
58433319J;Jorge Calvo Cruz;693474282;Atención al cliente;26989
51196699Y;María Campos Ibáñez;610727107;Marketing;65978
38251467I;Olivia Aguilar Guerrero;623355892;Gestion de stock;16760
79818963F;Hugo Guerrero Arias;661238572;Limpieza;40920
73448041H;Emma Díez Pascual;666724816;Gestion de stock;52138
56173465C;Iris Gutiérrez Alonso;605302330;Secretario;97761
25421990L;Jimena Santana Alonso;695895211;Marketing;93544
35920350E;Helena Vega Lozano;670287926;Secretario;97761
35276307T;Miguel González Sanz;698781234;Marketing;93544
30155900O;Lucía Prieto Blesa;665106766;Técnico;70876
30091854E;Iria Giménez Molina;671645540;Ingeniero;16760
41831497U;Gael Montoro Rubio;617441944;Marketing;26989
70644817M;Malak Sánchez Ortiz;600244851;Representante;26989
13450265P;Nerea Vidal Gallego;671468471;Limpieza;70876
86767827Y;Nil Soto Iglesias;685190875;Limpieza;40920
17201467H;Azahara Ramírez Torres;648579082;Dependiente;70876
30715535C;Víctor Rodríguez Ibáñez;693256730;Enfermero;93544
38924626O;Luis Martín Díaz;617744787;Informatico;52085
89993421C;Carlos Domínguez Ramos;698273391;Enfermero;52138
37696336T;Fernando Alonso Martín;672804586;Dependiente;93544
23051534K;Daniel Ibáñez Hidalgo;637088015;Enfermero;16760
55109697A;Rodrigo Díez Vega;627991797;Representante;52138
56870243S;Adriana Cambil Reyes;653325445;Enfermero;93544
46474176X;Arnau Sanz Jiménez;605359360;Dependiente;40920
51458757G;Andrea Crespo García;601068482;Informatico;97761
56327595X;Mar Cano Montero;686151267;Marketing;86963
43140570J;Martín Montoro Gallardo;679468558;Secretario;32426
39072848Z;Darío González Ibáñez;667268190;Informatico;27047
19902764T;Imran Vidal García;654463547;Atención al cliente;26989
40830948C;Daniel Montero Navarro;664977745;Informatico;52085
56155818F;Lina Martín Pascual;656361854;Informatico;40920
71955748B;Nuria Montero Delgado;606121062;Ingeniero;26989
50290240B;Alan Benítez Delgado;625384287;Secretario;65580
60018074N;Fernando Muñoz Hidalgo;649929536;Contable;26989
95970891T;Sara Durán Arias;600019564;Enfermero;27047
18516898R;Aarón Morales Méndez;660264065;Contable;97761
95990494U;Axel Ramos Cortés;691557165;Atención al cliente;52138
74567295O;Nahia Méndez Blanco;636159177;Contable;65978
11015556R;Vera Fernández Rubio;618990368;Técnico;52085
98716185R;Álvaro Ortiz Aguilar;605549367;Atención al cliente;26989
83258899E;Adara Sánchez Ruiz;612904586;Informatico;16760
17139095C;Laura Álvarez Giménez;665064793;Ingeniero;65580
95833590R;Jana Delgado Velasco;672837050;Enfermero;27047
49823477Z;Gael Rodríguez Carrasco;615027249;Secretario;86963
21939848X;Carla Calvo Garrido;629028362;Enfermero;16760
57186569A;Gael Román Márquez;663200809;Marketing;32426
38324415B;Paula Soto Cambil;604969471;Contable;97761
34896301K;Julia Romero Gutiérrez;692457071;Informatico;26989
49212644N;Guillermo Vidal Moreno;653069656;Marketing;52085
89569453H;Rodrigo Santiago Campos;616212724;Contable;27047
88600828W;Aitana Álvarez Flores;683765138;Enfermero;26989
81513684P;Isaac Esteban Santana;659245166;Gestion de stock;93544
19144843U;Guillermo Ibáñez Soler;657032806;Ingeniero;42042
93523258G;Erik García Ortiz;663790697;Técnico;52138
62604078O;Luna Blesa Lorenzo;692473927;Secretario;71804
65328802Y;Mateo Vidal Reyes;611295616;Limpieza;26989
30024113P;Saúl Cano Prieto;697350711;Marketing;65978
35445466Z;Eric Reyes Hernández;692824162;Dependiente;65978
83284934A;Cayetana Martínez Rodríguez;667076901;Técnico;65580
97603011T;Adara Bravo Sanz;669134774;Dependiente;71804
79745977O;Aleix Cortés Guerrero;601792772;Ingeniero;27047
35450139B;Abril Torres Pastor;670495155;Representante;93544
70077124K;Mia Márquez Pastor;661692009;Limpieza;65978
26523697D;Berta Peña Ramos;614265457;Marketing;65580
88026576W;Ander Marín Moreno;647593003;Ingeniero;86963
22869389K;África Fuentes Torres;687264543;Informatico;26989
63569614Y;Carmen Montero Molina;676020709;Técnico;52138
22910495W;Abril Castro Ramos;674440144;Contable;42042
42415555P;Enzo Nieto Lorenzo;643581897;Marketing;97761
48160051E;Arlet Gallardo Santos;602324778;Ingeniero;27047
92017477I;Lucas Parra Iglesias;605270843;Ingeniero;26989
39199135H;Thiago Muñoz Cambil;626902422;Médico;70876
93308103K;Ignacio Bravo Blesa;638291892;Enfermero;52085
11355542N;Cristina Castro Rey;661353389;Contable;27047
87111442L;Daniel Ruiz Domínguez;649060225;Marketing;52138
49938468Y;Naia Marín Gutiérrez;690223190;Enfermero;65580
59946602G;Jimena Navarro Aguilar;644545016;Representante;26989
31621089K;Nahia Vidal Márquez;684580484;Contable;71804
58428047W;Victoria Montoro Alonso;678856923;Gestion de stock;65580
22010359D;Nour González Vega;654498206;Informatico;32426
24777650C;Aroa Lorenzo Ferrer;691113177;Secretario;26989
46811184A;Irene Montoro León;669461109;Médico;52085
79268471N;Lucía Vázquez Álvarez;676985882;Marketing;65580
57821072K;Victoria Benítez Díez;629387197;Dependiente;86963
92222888A;Nil Ramos Suárez;628822853;Enfermero;52138
44249549A;Mateo Peña Durán;677135853;Médico;65978
24761797Q;Julia Nieto González;672631501;Secretario;97761
58585583F;Carmen Pastor Pérez;622695509;Dependiente;93544
43154449C;Iván Navarro Pascual;606059347;Ingeniero;97761
81119856A;Lina Muñoz Alonso;624603701;Ingeniero;27047
25334073Z;Javier Gallego Morales;647783260;Contable;32426
83186109G;Ismael Cambil Durán;646420746;Atención al cliente;97761
57331671G;Marcos Sánchez Ortiz;650446215;Técnico;65978
40750315U;Mohamed Campos Sáez;645917999;Atención al cliente;52085
10153228Z;Neizan Velasco Esteban;640728633;Secretario;42042
18423173I;Julieta Sanz Flores;654992352;Marketing;40920
62014418E;Raúl Durán Moreno;689511916;Contable;93544
70875943E;Imran López Carmona;627089515;Marketing;65978
83359872B;Chloe León Vargas;637268752;Gestion de stock;71804
93085980W;Alonso Montoro Ibáñez;666201751;Marketing;97761
60717273F;Pablo González Ibáñez;633250860;Representante;86963
38337836O;Ander Pérez Méndez;640637024;Limpieza;65580
23326712K;Lara Alonso Ortega;616620424;Ingeniero;65580
94566688Z;Francisco Vázquez García;645468500;Representante;52085
37805396M;Mar Iglesias Nieto;669568998;Informatico;71804
97969548Y;Erik Carrasco Pastor;647583567;Informatico;16760
20252008B;Olivia Blanco González;652132158;Atención al cliente;40920
44787964N;Amira Fuentes Méndez;662381632;Técnico;42042
45136758A;Jesús Martínez Ibáñez;683126948;Enfermero;16760
10420967O;Amira Blanco Blanco;609713755;Marketing;42042
67039807K;Carlota Giménez Fuentes;613274460;Enfermero;52085
43309271U;Teo Garrido Gutiérrez;646927500;Gestion de stock;71804
15116330F;Azahara Cabrera Medina;642367234;Técnico;65580
26312157F;Martí Montoro Fuentes;648646259;Médico;52138
23167796F;Andrea Muñoz Álvarez;684195732;Limpieza;93544
43872277S;Aroa Cortés Torres;653546269;Limpieza;27047
66580324N;Andrés Sáez Sanz;696201271;Marketing;70876
28318901I;Gala Prieto Vargas;665895617;Contable;52085
10704516B;Mario Soler López;627991476;Médico;65580
58542679F;Teo Fernández Moreno;624442576;Médico;52085
23157500P;Liam Méndez Parra;664402942;Gestion de stock;52138
68823388S;Iris Flores Ortega;668375866;Representante;52085
57792859Y;Cayetana Méndez Benítez;657601842;Ingeniero;40920
21348226T;Julia Gil Montoro;627247982;Limpieza;71804
15156426D;Alma Serrano Sáez;660329403;Representante;16760
13640042J;Gabriela Castillo Bravo;690544017;Informatico;65580
57248517O;Thiago Pastor Rey;665823221;Enfermero;26989
18633877Z;Pau Vicente Calvo;661901287;Representante;40920
93305417Q;Nicolás Rubio Prieto;662412973;Ingeniero;27047
54603056F;Francisco García Prieto;698442209;Ingeniero;86963
86054453L;Gael Suárez Cabrera;699876179;Marketing;16760
88291839W;Carlos Gallego Cano;624324030;Atención al cliente;65978
89906055Q;Luna Flores Calvo;639705484;Contable;27047
44792835U;Álex Gallardo Garrido;652360616;Contable;27047
61847922A;Alejandro Fernández Cruz;696222612;Ingeniero;52085
94333151M;Darío Martínez Guerrero;699935470;Técnico;52138
28923441E;Hugo Hernández Gutiérrez;677875460;Ingeniero;97761
98391937I;Darío Herrero Crespo;627559221;Atención al cliente;52085
55654768W;Héctor Ruiz Herrera;695556898;Ingeniero;52138
48185627B;Diana Campos Molina;630139812;Marketing;71804
33056677O;Saúl Calvo Carrasco;690484956;Dependiente;52138
23433156O;Cloe Benítez Blesa;632616643;Médico;71804
56341425E;Inés Rodríguez Hidalgo;644584054;Contable;27047
90250240D;Samuel Rey Gil;684920975;Enfermero;71804
84093018Q;Héctor Montero Durán;672712842;Médico;71804
96377142U;Julieta Cambil Martín;679989418;Secretario;27047
23571429I;Saúl Soto Alonso;676143064;Secretario;40920
22773042A;Eric Serrano Rubio;632011259;Contable;93544
82065554Q;Azahara Guerrero Moya;692828345;Gestion de stock;93544
39001901S;Lia Delgado Pérez;616223880;Gestion de stock;52138
78759535R;Sara Garrido Velasco;621139422;Contable;32426
18172149B;Teo Ibáñez Márquez;673640805;Marketing;86963
92931412P;Elsa Núñez López;683713996;Contable;52138
69380556W;Isabella Blesa Ibáñez;686941698;Secretario;26989
28758711R;Ismael Hernández Blanco;629887255;Informatico;42042
40773201P;Alejandro Hernández Blanco;689343190;Limpieza;65580
16637410Y;Alan Durán Nieto;645070390;Atención al cliente;42042
13652980E;Ismael Vicente Vega;611892709;Atención al cliente;27047
19248581M;Aina González Vidal;641722403;Atención al cliente;52138
42590034Z;Aarón Vega Gallego;660864827;Atención al cliente;16760
29377616Y;Adriana Pascual Serrano;660974123;Médico;42042
73925582R;Ignacio Nieto Álvarez;696432057;Ingeniero;97761
76848080Y;Alba Vidal Ferrer;684447687;Enfermero;42042
57426471U;Pau Martínez Medina;686343703;Secretario;27047
10111852Q;Marco Muñoz Ramírez;635861702;Técnico;93544
61290273F;Juan Carmona Gallego;694344138;Dependiente;93544
34098225D;Marcos Serrano Domínguez;687076105;Representante;86963
48806941K;Dylan Sánchez Cano;655917414;Técnico;52138
11173941N;Iván Díaz Giménez;624367797;Dependiente;65978
53143684G;África Ramírez García;641931913;Marketing;52085
95597594F;Unai Fuentes Castillo;605327697;Médico;40920
64582605B;Jana Medina Santos;600326309;Gestion de stock;26989
29013476F;Raúl Torres Flores;603649714;Marketing;32426
41838447I;Daniela Molina Calvo;656105638;Contable;52085
42099761C;Iria Ortiz Montero;606689687;Dependiente;97761
88337490D;Amaia González Pascual;685092240;Contable;70876
86841354S;Pedro Bravo García;618999836;Dependiente;26989
49759261T;Javier Guerrero Ramos;635631408;Dependiente;32426
60599384M;Ona Hernández Bravo;660880898;Informatico;52138
62522908B;Marina Cortés Gallardo;649141401;Dependiente;65978
13927270H;Izan Garrido Herrera;657148501;Técnico;71804
36173064A;Marc Díaz Arias;637795837;Gestion de stock;70876
45195858C;Isabel Herrera Núñez;673074428;Médico;65978
70185285D;Neizan Hidalgo Lorenzo;671997302;Secretario;93544
22201185T;Aina Martín Vidal;630424706;Informatico;52138
63713406N;Isaac Gallardo Muñoz;661999632;Marketing;93544
67112351Z;Leyre Cano Durán;609842125;Representante;27047
24343797R;Mar Nieto Serrano;643136755;Informatico;26989
66471128D;Candela Alonso Velasco;604291984;Enfermero;71804
41162981V;Mara Bravo González;648046628;Enfermero;52085
35472005Y;Amir Torres Garrido;603556881;Técnico;26989
47564099Q;Youssef Delgado Lozano;604124814;Contable;52138
88909219D;Sergio Díaz Herrero;685959798;Secretario;26989
98762073U;Ander González Montoro;663828621;Gestion de stock;93544
67187582A;Amir Ramos Sanz;654171829;Técnico;70876
48385962M;Rafael Mora López;613082146;Médico;65580
65163260N;Aina Gutiérrez Lorenzo;656460343;Marketing;27047
59655986D;Claudia Martín Serrano;627652670;Ingeniero;16760
42080098E;Jon Santana Bravo;685775129;Secretario;86963
33314933F;Alejandro Arias Ramos;640491733;Representante;52138
71723365G;Anas García Guerrero;656595393;Dependiente;16760
82793782S;Isabella Hernández León;697533841;Marketing;52085
80800707T;Rubén Montero Torres;672487320;Contable;93544
51360451K;Naia Reyes Molina;681768932;Informatico;26989
12806228A;Nora Díez López;636596053;Gestion de stock;42042
46383766G;Alejandro Alonso Rey;673245575;Informatico;27047
38411680Y;Alberto Campos Moya;614403781;Limpieza;40920
96066680P;Marta Alonso Vázquez;653158731;Representante;40920
45628860S;Sara Gil Lozano;634349618;Secretario;93544
96308668F;Nahia Rey Núñez;654931003;Enfermero;27047
56783575V;Leyre Ortega Guerrero;633765152;Limpieza;42042
60962908H;Iván Caballero Cano;663332312;Representante;97761
78947175M;Adam Cambil Hidalgo;640091851;Limpieza;40920
27916788T;Pau Carmona Cambil;613672246;Técnico;86963
79826906K;Laia Álvarez Cano;628250091;Limpieza;42042
71189428I;Víctor Lorenzo Parra;628264823;Secretario;93544
98605874D;Nahia Lorenzo García;660582319;Enfermero;65580
56859184H;Isabel Marín Moya;605514735;Médico;97761
73612555P;Biel Pascual Aguilar;693132275;Técnico;70876
16992544O;Ignacio Peña Medina;669983902;Limpieza;97761
29723180C;Andrea Rey Jiménez;658198654;Informatico;27047
89108694R;Mara Carrasco Ramírez;661219754;Ingeniero;16760
92119829X;Marina Cabrera Vidal;674748634;Contable;52138
55827237H;Álvaro Álvarez Castillo;685309952;Marketing;70876
18487113G;Irene Castillo Santana;616741574;Técnico;27047
73150271L;Marina Lorenzo Blanco;633933807;Dependiente;97761
89298394L;Alonso Soto Romero;651462629;Médico;97761
16694877J;Nil González Garrido;678394050;Limpieza;40920
11024516H;Daniela Reyes Navarro;677537694;Enfermero;42042
98348956D;Chloe Martín Cabrera;625660687;Médico;27047
47563013O;Alma Ramos Morales;682170398;Atención al cliente;97761
82768179X;Amaia Cano Garrido;668975473;Enfermero;65978
83755309E;Adriana Ferrer Vargas;610298939;Informatico;40920
93582420G;Ander Vidal Lorenzo;614052508;Contable;65580
98386608P;Leyre Castro Gallardo;616810024;Informatico;42042
76718147H;Gabriela Martín Crespo;644390691;Limpieza;70876
16875312X;Víctor Díaz Marín;680503060;Informatico;32426
81132425T;Nahia Calvo Durán;654613843;Enfermero;16760
43766566D;Triana Pascual Marín;669007586;Atención al cliente;42042
20661819W;Adara Campos Ramírez;627131208;Técnico;97761
73841849B;Elia Cortés Nieto;697563771;Atención al cliente;52138
46309654N;Gabriela León Gómez;601580562;Contable;16760
72236925M;Gael Romero Castillo;692691164;Secretario;52138
23845655M;Cloe Cano Durán;693765353;Enfermero;65978
92114562M;Elia Núñez Pascual;628993869;Secretario;93544
41728559V;Andrea Durán Vargas;626786231;Gestion de stock;32426
56356940M;Cristina Carmona Soler;628049084;Ingeniero;27047
26413423E;Alicia Pastor Ortega;682790156;Secretario;86963
30385713U;Laura Carrasco Martín;646889208;Marketing;42042
57953968T;Cristina Castillo Torres;652388316;Atención al cliente;70876
17238841H;Víctor Santiago Ferrer;617180082;Atención al cliente;65580
68307656V;Darío Ibáñez Parra;605187755;Gestion de stock;40920
80603906S;Pablo Delgado Prieto;696836443;Limpieza;65580
50077659P;Aitana Suárez Cabrera;615497320;Enfermero;42042
94509095B;Ángel Alonso Lorenzo;666607778;Dependiente;27047
49945904I;Vera Bravo Carmona;686083168;Limpieza;16760
85908433V;Mia Román Rubio;688613946;Dependiente;52138
18166691F;Jan Delgado Herrera;672415109;Enfermero;42042
55929518F;Adam Pascual Mora;628715726;Contable;32426
69085508H;Neizan Carrasco Rubio;648576101;Marketing;40920
62287314T;Gala Gil Gómez;654959635;Ingeniero;32426
95389523Q;Mara Lozano Mora;692259611;Representante;16760
58147706P;Teo Giménez Rodríguez;616937018;Dependiente;26989
60109884M;Lia Peña Álvarez;694730615;Ingeniero;26989
18640261T;Mario Lozano Rodríguez;691942038;Marketing;27047
26267007W;Luka Marín Gutiérrez;606491168;Representante;32426
10220806C;Fernando Vázquez Montero;634305461;Secretario;97761
56392215T;Andrés Serrano Sáez;662165729;Técnico;27047
15123657M;Rafael Marín Marín;612216931;Limpieza;52138
84109661W;Raúl Cortés Marín;653130719;Enfermero;65978
30938262E;Ariadna Domínguez Aguilar;615167665;Enfermero;26989
77385347S;Carla Caballero Pastor;633449925;Dependiente;65580
89476156P;Erik Díez Vicente;684139734;Informatico;86963
85000841Q;Rodrigo Ortega Garrido;697679284;Médico;52138
77257956D;Victoria Medina Soto;605362766;Gestion de stock;93544
32682319M;Lola Alonso Aguilar;640174896;Limpieza;65978
34729826P;Emma Vargas Caballero;654035018;Limpieza;32426
46706656T;Fátima Pascual Ibáñez;678852218;Enfermero;65978
34088166S;Darío Lorenzo Alonso;668725467;Atención al cliente;26989
78850104M;Max Romero Rubio;692915643;Informatico;42042
57842282D;Aitor Martínez Marín;665131217;Dependiente;93544
68551800V;Álvaro Garrido Blanco;662865123;Enfermero;26989
21418015U;Ander Delgado Bravo;627848514;Marketing;93544
53985531V;Álex Delgado García;692496613;Médico;40920
40387723S;Aurora Gil Peña;613012649;Dependiente;71804
27163181Q;Nicolás Moreno Domínguez;656603253;Informatico;27047
91970956H;Sara Ibáñez Flores;621591872;Gestion de stock;26989
18325968F;Alberto Montero Gutiérrez;666515848;Secretario;26989
39960300X;Cristina Santos Carmona;616063561;Marketing;40920
76375197G;Naia Durán León;686455097;Médico;70876
87350048M;Irene Vidal Ferrer;661429817;Gestion de stock;71804
60829846A;Aina Álvarez Ibáñez;673063891;Representante;86963
68858774T;Isabella Reyes Parra;628126069;Informatico;52085
85791120U;Sergio Alonso Sanz;638813219;Atención al cliente;52138
75320094B;Nerea Vázquez Gil;624450404;Informatico;42042
17528738T;Manuela Vidal Álvarez;618450458;Limpieza;65978
26541966T;Mara Román Ortega;608258047;Enfermero;52085
92819122A;Rafael Velasco Márquez;662529348;Marketing;70876
14989010S;Gael Marín Rubio;602705014;Marketing;16760
65308829Z;Elia Alonso Soto;687229438;Secretario;70876
13281184Z;Ariadna Montoro León;636224381;Médico;86963
18908092N;Jorge Vicente Morales;678997333;Contable;27047
90361048L;Sergio Cambil Mora;619867884;Gestion de stock;71804
10526316O;Ander Gallego Rey;673300693;Enfermero;16760
64759336D;Vega Morales Cortés;661593679;Contable;93544
17938304Z;Macarena Gómez Núñez;621079937;Técnico;86963
86337301B;Jimena Díez Vicente;689837857;Dependiente;86963
88502525M;Valeria Gutiérrez León;667665740;Enfermero;65580
30523259B;Lina Benítez Flores;681315971;Dependiente;52085
60983177G;Ismael Nieto Carmona;641855673;Médico;97761
16077259B;Diana Méndez Martín;612032079;Secretario;52138
27312672T;Isabel Medina Rodríguez;628498833;Ingeniero;16760
10565031O;Rafael Rodríguez Hernández;612682220;Gestion de stock;86963
28469924V;Natalia Fernández Vargas;661137584;Informatico;71804
99287358H;Aitor Reyes Medina;635682828;Representante;65978
83584072S;Anas Martínez Navarro;671420173;Enfermero;32426
55454294E;Marina Vázquez Sánchez;658662994;Informatico;71804
70548872S;Adrián Prieto Delgado;675362069;Informatico;97761
79529140L;Jimena Nieto Vázquez;628492632;Gestion de stock;70876
46810899B;Fernando Suárez Cambil;666778760;Contable;32426
14740538V;Isabella Hernández Lorenzo;600689794;Médico;65580
92757371S;Nahia Fernández León;692065693;Informatico;16760
82098846O;Adriana Moya Parra;665014728;Limpieza;52085
68511472T;Fabio Durán Díaz;629322814;Ingeniero;70876
47068709N;Hugo Lozano Crespo;603344459;Contable;52085
62323570P;Mia Vicente Gallego;697618690;Limpieza;40920
75905058E;Ana Lorenzo Bravo;612468384;Enfermero;93544
11774047U;Nicolás Gallardo Bravo;678324062;Limpieza;86963
46654839T;Álvaro Muñoz Aguilar;693811390;Informatico;65978
69271316D;Fabio Ruiz Suárez;654654054;Gestion de stock;42042
71558296G;Aitor Vázquez Méndez;634300530;Ingeniero;42042
32591746K;Mia Caballero Ferrer;634562977;Dependiente;71804
31718343O;Triana Bravo Arias;672292954;Secretario;70876
10807063K;Andrés Cruz Sáez;657881853;Enfermero;70876
22192653D;Guillermo Aguilar Blesa;632255164;Representante;40920
92371641Z;Aarón Benítez Moya;631772767;Ingeniero;65978
23427526K;Matías Díaz Ortega;631876469;Secretario;52085
31076273T;Gael Carrasco Álvarez;681460522;Gestion de stock;52138
58924159M;Inés Santiago Vicente;683241141;Técnico;71804
99286361Y;Alma Martínez Álvarez;683037811;Ingeniero;40920
16349886F;Ángel Vega Lozano;639385432;Ingeniero;42042
22203168H;Martina Álvarez Delgado;623423429;Contable;93544
57121724E;Marc Flores Moya;616334904;Informatico;93544
35137009F;Adriana Méndez Ortiz;699716986;Marketing;86963
45109808Q;Olivia Guerrero Parra;624573985;Informatico;71804
68352310Z;Eva Díez Carmona;613759153;Ingeniero;93544
67782531U;Ángel Ramírez Rubio;677511774;Limpieza;27047
15218869B;Carlos Delgado Herrero;633500773;Limpieza;70876
56768688U;Azahara Navarro Ortiz;666260750;Marketing;86963
58824249L;Malak Blanco Iglesias;659571641;Atención al cliente;42042
85185813Z;Lucía Prieto Ruiz;657848045;Atención al cliente;65580
52786439W;Lucía Carrasco Domínguez;673679303;Representante;65978
93020081B;Mateo Santiago Esteban;699774221;Contable;70876
80636811F;Alan Ortega Cruz;670381099;Dependiente;65580
56457184K;Inés Romero Moreno;678677338;Secretario;86963
21033476W;Elena Guerrero Ruiz;675666141;Representante;70876
56418552Q;Íker González Gallardo;697020701;Gestion de stock;16760
71634018C;Izan Benítez Cambil;682943244;Gestion de stock;26989
77633074T;Ander Ortiz Méndez;663628504;Contable;71804
53356545U;Javier Ferrer Carrasco;650680251;Ingeniero;40920
93528895M;Yasmín Hidalgo Santana;631367207;Médico;70876
56063271V;Jesús Gil Alonso;601255540;Ingeniero;65580
12214840J;Daniel Peña Nieto;635886682;Representante;71804
40692967S;Diana Gallardo Serrano;664789619;Marketing;32426
42408723I;Nahia Velasco Santana;687682023;Dependiente;93544
44597667F;Alan Vargas Vidal;605658531;Atención al cliente;93544
48919844O;Asier Moreno González;654504813;Contable;16760
37061725F;Macarena Lorenzo Sáez;645081524;Enfermero;65580
79985214L;Lina Sáez Hidalgo;671339577;Limpieza;40920
57821340L;Ana Soler Guerrero;614373863;Informatico;42042
50512851L;Marta Alonso Aguilar;648944386;Atención al cliente;71804
15453328T;Manuela Parra Lozano;641958542;Dependiente;97761
73011102Q;Nahia Guerrero Montoro;601550288;Técnico;40920
61678670I;Valentina Parra Sanz;600420191;Limpieza;86963
41700530P;Martín Santiago Carrasco;663061363;Representante;42042
32187637W;Nuria Hidalgo Ortega;609946137;Enfermero;65580
91034852M;Leyre Domínguez Díez;630473835;Ingeniero;27047
53946462C;Raúl Ramírez Lozano;623596937;Atención al cliente;71804
14096070A;Alejandro Moya Ruiz;675012933;Marketing;70876
90850921D;Rayan Gómez Bravo;640656736;Técnico;42042
83296975I;Cristina Arias Sanz;600247044;Marketing;93544
68130816T;Gabriel Pascual Crespo;642705127;Marketing;71804
47296992Q;Nuria Cruz Ramos;619764024;Ingeniero;26989
23457496H;Helena Reyes Blanco;629012616;Médico;93544
35938079J;Daniel Suárez Arias;692780256;Enfermero;40920
69327123C;Unai Cano Jiménez;601629125;Marketing;71804
22102801X;Aina Gallego Prieto;617739095;Ingeniero;32426
92327162V;Natalia Cambil Blanco;653473371;Informatico;32426
82731329Q;Marc Cruz Reyes;645140535;Dependiente;32426
93794491T;Íker Guerrero Vázquez;635890045;Dependiente;26989
60775304G;Sofía Rodríguez Ramos;614121578;Marketing;65580
14311556F;Nour Calvo Parra;622802023;Secretario;97761
47874648J;Gael Rodríguez Santana;655248227;Ingeniero;42042
36167860F;Juan Bravo Aguilar;653760698;Marketing;93544
31810142Y;Carolina Ramírez Delgado;633240692;Enfermero;27047
93869494I;Vera López Cortés;626765672;Atención al cliente;70876
74994219U;María Márquez Carrasco;634809576;Técnico;97761
21693418F;Vera Lorenzo Cabrera;683562048;Técnico;52138
57905181Z;Mario Aguilar Mora;668746979;Secretario;40920
49435615D;Biel Santos Gil;601776267;Marketing;70876
46851905R;Miguel Flores Cruz;699745179;Secretario;42042
73057376E;Sofía Ortiz Sánchez;673766394;Informatico;65978
20440548L;Aina Reyes Díaz;641857651;Representante;42042
74954693V;Natalia Reyes Garrido;607287397;Gestion de stock;16760
52526838T;Diego Campos Santana;614382271;Ingeniero;27047
48307128P;Olivia Moreno Santana;662258273;Marketing;26989
86743732X;Iris Soto Sánchez;686781892;Marketing;71804
69544924U;Antonio Díaz Herrera;698506717;Técnico;52138
86691607H;Manuela García Gutiérrez;631258605;Limpieza;70876
87477613L;Liam Ramos Nieto;654598301;Marketing;70876
79276273D;Bruno Hidalgo Delgado;625311902;Enfermero;42042
50375786R;Álex Gallego Marín;670864953;Marketing;52085
47715136N;Helena Cano Serrano;694268870;Informatico;71804
53207824Q;Azahara Lorenzo Molina;678171333;Secretario;40920
48488628Z;Marcos Díez Méndez;637139216;Secretario;70876
28903028X;Íker Rodríguez Caballero;662662260;Ingeniero;71804
94004346F;Javier Ortega Prieto;678247098;Dependiente;40920
10966124I;Martí Blesa Martínez;690852559;Contable;71804
15604123V;Mara Herrero Gil;650949032;Médico;40920
20810181C;Carlota Ortega Muñoz;621215290;Contable;70876
25195954L;Cristina Ramos Montero;641271676;Médico;86963
61569279M;Naia Torres Bravo;632423239;Atención al cliente;65978
34481849X;Alonso Ortiz Ortiz;614644153;Dependiente;97761
30456194Y;Mara Aguilar Ibáñez;629580967;Médico;42042
54490939T;Carla Rey Gómez;652433503;Ingeniero;65978
50447945A;Natalia Durán Garrido;647443486;Contable;52138
58280662P;Biel Torres Serrano;694601580;Enfermero;70876
15365435L;Youssef Gómez Serrano;690082526;Secretario;93544
98020178M;Abril Santos Giménez;672629710;Contable;86963
35042290M;Leo Rubio Peña;682553407;Enfermero;97761
10239752Y;Elena Garrido Ortega;692201287;Marketing;52085
18892627U;Ignacio Benítez Díaz;681704793;Gestion de stock;16760
12599344N;Lia Vargas Velasco;630481521;Limpieza;27047
77143886N;Aroa Pastor Vidal;617386444;Ingeniero;93544
10882556G;Leyre Serrano Rey;655886265;Marketing;97761
15516601Q;Claudia Prieto Carrasco;642618625;Dependiente;97761
66063269Y;Bruno Guerrero Suárez;695978270;Enfermero;32426
50985876H;Ona López Lozano;619929532;Médico;97761
58441403Q;Sara Alonso Morales;608018882;Técnico;86963
12086175B;Irene Vicente Campos;617123490;Atención al cliente;26989
14726866X;Pau Delgado Velasco;682528730;Enfermero;65978
18226513K;Ona Gallego Moreno;618817921;Gestion de stock;71804
24523609V;Iván Peña Guerrero;671589759;Enfermero;71804
44789045Z;Olivia León Cortés;617465047;Técnico;52085
48823552D;Ainhoa Martínez Gutiérrez;607511224;Gestion de stock;65580
44030412D;Rubén Fuentes Santana;600687279;Gestion de stock;27047
47255433Z;Lina Cruz Vargas;636160294;Ingeniero;52085
95168405P;Iván Román Garrido;606980615;Informatico;32426
84913947H;Fabio Cortés Pérez;679675374;Ingeniero;52138
41904829Y;Isabel Martínez Martín;679284755;Gestion de stock;93544
44479021A;Arlet Velasco Carmona;648895213;Marketing;71804
46789960E;África Montero Fernández;684576564;Enfermero;16760
10239557U;Adara León Ortega;674690267;Gestion de stock;93544
46984576Y;Chloe Giménez Márquez;617625595;Técnico;26989
75800452C;Luis Álvarez Herrera;676956806;Técnico;26989
64152605P;Aitor Reyes Pascual;635536738;Enfermero;27047
43813362B;Nerea Ramírez Durán;681043605;Ingeniero;97761
81559498S;Alberto Ramos Campos;682552406;Contable;27047
69201291W;Elena Herrero Sáez;670934108;Informatico;26989
99427589M;Mara Suárez Blanco;637877612;Ingeniero;26989
55755624P;Javier Prieto Hernández;604899969;Dependiente;71804
69755729K;Noah Navarro Sáez;690951401;Técnico;52138
31618062U;Carmen Gómez Montoro;682176393;Informatico;32426
36731037R;Iria Rubio Torres;613768025;Gestion de stock;65580
78391353B;Carlota Benítez Díez;631897926;Atención al cliente;40920
98552453P;Anas Montero Delgado;687718406;Representante;16760
45783499H;Abril Parra Márquez;675319875;Médico;52138
50417967F;Cristina García Montero;607266518;Médico;93544
56646001J;India Durán Ortiz;661736297;Médico;42042
31824869P;Aurora Gómez García;653350266;Gestion de stock;27047
73859707P;Rocío Herrero Aguilar;658412072;Médico;40920
60726091K;David García Pastor;640636347;Contable;52085
38274687Y;Asier Soler Martínez;660707345;Enfermero;65978
77783150M;Darío Cortés Muñoz;644783433;Marketing;26989
72753514Q;Aurora Morales Benítez;615335147;Secretario;65580
89497890E;Álex Calvo Rodríguez;691998581;Gestion de stock;93544
43604659G;Ariadna Suárez Romero;682337972;Dependiente;32426
59285734H;Vera Cambil Iglesias;643621437;Atención al cliente;65978
76237092K;Valentina Marín Ruiz;610359994;Contable;26989
92426037T;Arlet Núñez Serrano;652305853;Técnico;71804
63940008K;Nahia Gallardo Suárez;656988097;Atención al cliente;42042
41134542W;Gala Delgado Vázquez;698782113;Técnico;86963
81581172O;Ona Sáez Herrero;648067062;Enfermero;40920
85950667G;Teo Ramírez Santana;696212749;Informatico;52138
29093749S;Ian Mora Herrero;672458051;Secretario;93544
39558759C;Thiago Mora Domínguez;695765511;Dependiente;16760
92350127R;Ariadna Reyes Sanz;632085660;Ingeniero;52085
97641400Q;Anas Pérez Gutiérrez;686901867;Médico;16760
94963663C;Ainara Pérez Márquez;683262759;Marketing;65978
22366919X;Raúl Domínguez Ruiz;651553716;Dependiente;52085
22120528D;Isabella Méndez Blesa;624835420;Secretario;52138
36981863R;David Esteban Santana;664707356;Secretario;86963
88298992F;Daniela Vega Márquez;645436136;Contable;65580
21639059E;Fabio Pérez Vega;610033463;Informatico;65580
77736246U;Alonso Blesa Fuentes;698038803;Médico;52138
15251237O;Abril Molina Garrido;661637908;Enfermero;26989
74525649N;Amaia Morales Carmona;630737671;Representante;93544
96999279Z;Víctor Delgado Sánchez;661287173;Contable;52085
91359953S;Macarena Reyes Vicente;628675725;Atención al cliente;52138
38451372C;Imran Bravo Rubio;694849318;Ingeniero;52085
11397322P;Jesús Garrido Rubio;616525644;Secretario;42042
71235196U;Pau Cambil Vega;616948824;Enfermero;70876
48679671A;Celia Benítez González;669624610;Médico;26989
20711867G;Gael Gil Muñoz;656734909;Informatico;71804
77258123M;Isabella Medina Mora;601614413;Limpieza;52085
44344571Q;Carlos Romero Guerrero;656610775;Ingeniero;32426
54657240I;Sofía Navarro Giménez;665559340;Informatico;70876
97956624Q;Mar Márquez Prieto;653146754;Contable;65978
19300450E;Elsa Castillo Velasco;681692250;Marketing;27047
32850764I;Thiago Nieto Peña;698104493;Marketing;40920
85362743Y;Iris Ferrer Herrera;644798864;Marketing;32426
95746550V;Ariadna Durán Esteban;695295803;Enfermero;27047
63977305X;India Rodríguez Gutiérrez;611320998;Marketing;52085
56632796U;Lola Márquez Medina;635073482;Contable;65580
34950142F;Amir Ortiz Díez;679496578;Limpieza;40920
41650365Q;Ignacio Martínez Cano;642054205;Gestion de stock;27047
76736844W;Nora Sanz Esteban;666826281;Limpieza;32426
38057530W;Diego Garrido Carmona;606568916;Enfermero;70876
81330887W;Ángela Ferrer Benítez;635634168;Técnico;65978
57862064C;Marcos Álvarez Nieto;660450766;Ingeniero;70876
41006855X;Andrea Gil Morales;661716287;Ingeniero;97761
52792010X;Gonzalo Fernández Gómez;687814216;Atención al cliente;65580
61983676X;Ana Román Molina;646741866;Marketing;27047
87873558C;Carlos Durán Flores;693029667;Gestion de stock;65580
78247585A;Manuela Gil Moreno;658906022;Contable;65978
84374692F;Arlet Moya Jiménez;641821040;Limpieza;27047
59543215K;Fátima García Medina;671201177;Limpieza;42042
64807277F;Clara González Domínguez;622603600;Informatico;32426
58856468O;Isaac Sánchez Navarro;630165728;Dependiente;42042
84724672A;Joel Medina Pastor;629644820;Marketing;97761
41936692U;Helena Vargas Reyes;650784880;Contable;16760
62580177M;Raúl Gil Santana;601351874;Enfermero;16760
90842426B;Ian Molina Moreno;650898796;Secretario;52138
84909581Z;Mario Gómez Garrido;681759563;Gestion de stock;42042
22392593Z;Gonzalo Rey Reyes;678669950;Secretario;27047
70747178T;Cristina Prieto Peña;678886367;Dependiente;93544
17026851X;Celia Reyes Reyes;661418324;Marketing;65580
32317920N;Alba Castillo Flores;634728032;Gestion de stock;42042
54718422J;Nora Vázquez Ramos;672236140;Atención al cliente;97761
40250186Z;Aina Ortiz Pérez;664200372;Representante;70876
93318189A;Hugo Arias García;645953726;Contable;65580
26230515W;Amir Núñez Ortiz;615030527;Atención al cliente;65580
88109165T;Elena Prieto Reyes;675796265;Técnico;52085
78251736A;Isabella Ruiz Vargas;625149700;Contable;86963
83756219P;Hugo Marín Castro;688709577;Gestion de stock;65978
22870148D;Macarena Rubio Esteban;610639478;Contable;27047
63373876A;Amira Gil Calvo;660018235;Informatico;52085
33428545J;África Ferrer Santiago;638716382;Marketing;97761
94875997I;Oliver Soto Román;630095865;Atención al cliente;40920
32376691R;Lola Méndez Flores;695113726;Enfermero;32426
60745118C;Raúl Pascual Navarro;677011609;Gestion de stock;52085
86740953H;Eric Molina Moya;617053978;Técnico;16760
38512233O;Oliver Moreno Iglesias;686568835;Gestion de stock;42042
30859255E;Lola Hernández Aguilar;600957122;Marketing;86963
61970085L;Julieta Parra Benítez;629375508;Secretario;26989
16936703O;Pau Fuentes Santos;607491346;Técnico;93544
48092373K;Fátima Ruiz Fuentes;683424941;Dependiente;42042
81437642L;Noah Morales Fernández;659380560;Representante;42042
11857169Q;Diego López Cortés;657849846;Informatico;97761
16988809C;Manuel Castro Crespo;627864813;Marketing;42042
26081552V;Elena Moreno Parra;675371882;Limpieza;70876
42352899J;Nil Bravo Cabrera;636704649;Contable;97761
21992146V;Rubén López Crespo;649931327;Ingeniero;52138
18982799B;Alejandra Vidal Rubio;664741192;Atención al cliente;71804
36673278V;Macarena Román Ortiz;620015904;Representante;52085
87294281O;Mario Santana Navarro;686559615;Contable;27047
35921896Z;Emma Torres Castro;670693846;Representante;65978
43880861N;Isabella Nieto Cabrera;626392427;Secretario;71804
54229639W;Álvaro Esteban Durán;646996378;Dependiente;26989
50778687Z;África Esteban Pérez;647585060;Dependiente;71804
35676663Y;Rocío Ferrer Sánchez;603693647;Dependiente;16760
55008958D;Fernando Ortiz León;639502937;Secretario;26989
63604952H;Natalia Campos Martín;655017534;Médico;40920
24708430T;Enzo Cano Marín;646569775;Médico;52138
91521857O;Arnau Santos Ramírez;630340790;Ingeniero;93544
28330738A;Mia Blesa Sánchez;600942107;Enfermero;65580
94130064S;Gael Vidal Calvo;611399530;Contable;16760
33224070G;Noah Rey Jiménez;641048277;Enfermero;16760
74781089J;Izan Cruz Blanco;617908375;Secretario;42042
73797432S;Enzo Cruz Díaz;607604252;Médico;32426
64018905K;Isabel Domínguez Bravo;605460045;Gestion de stock;71804
54522344M;Lia Gallego Romero;689099553;Ingeniero;42042
40688572H;María Cano Guerrero;655215565;Secretario;40920
24055376Y;Miguel Blesa Cabrera;639457318;Representante;27047
11553673Y;Malak Reyes Domínguez;654108069;Enfermero;70876
18625220H;Mohamed Ibáñez Caballero;603406124;Técnico;52138
81936285N;Ángel Santana Sanz;616689283;Representante;71804
88921651L;Iván Ruiz Mora;623524593;Limpieza;27047
56590153K;Cristina Santana Velasco;695672788;Gestion de stock;86963
21255875G;Arnau Pascual Hidalgo;643924125;Enfermero;86963
10445896G;Martí Montoro Cortés;621182638;Dependiente;65580
33890924S;Aleix Mora Santiago;667620433;Limpieza;32426
39495560W;Aitana Reyes Parra;611824418;Contable;65580
58261695C;Valeria Durán Caballero;694025078;Técnico;26989
36472924E;Sara Parra Gil;689173580;Secretario;86963
73569899C;José Lozano Soto;633745904;Informatico;52138
28788100Z;Berta Peña Medina;600329207;Secretario;70876
34174858L;Valeria Jiménez Giménez;672536231;Representante;52138
81364707L;Paula García Blesa;616058463;Enfermero;93544
97829353T;Amira Blanco Molina;693688555;Informatico;65580
31013706V;Berta Arias Domínguez;628529459;Limpieza;32426
80625610J;Amir Soler Giménez;666812673;Marketing;52085
94218441N;Nuria Guerrero Méndez;669649721;Médico;65580
26348117U;Alba Mora García;609964873;Enfermero;16760
41236452N;Nil Alonso Nieto;629187925;Gestion de stock;16760
43643958L;Erik Molina Gil;628221482;Secretario;97761
36351492J;Álex Crespo Domínguez;693196548;Técnico;40920
75041009F;Olivia Cano Medina;682131797;Ingeniero;86963
63544205C;Mario Fuentes Vidal;696761536;Limpieza;42042
95422309H;Emma Domínguez Castillo;654186692;Ingeniero;42042
47012091L;Asier Cruz Ferrer;688348493;Técnico;16760
68680496Y;Alicia Parra Morales;675530662;Ingeniero;52138
60818265P;Gabriel Ramírez Pérez;664947403;Atención al cliente;52138
64607486K;Julia Muñoz Flores;642680530;Limpieza;93544
13771900C;India Vargas Mora;649162204;Secretario;52085
99814104K;Aurora Cabrera Álvarez;633672253;Enfermero;52085
53548231N;Laura Caballero Calvo;606615018;Representante;65580
44840135Y;Helena Domínguez Soler;684227297;Gestion de stock;27047
45618107H;Martina García Vicente;665890956;Informatico;52085
87353127G;África García Morales;675644687;Enfermero;86963
64695481D;María Vega Gutiérrez;651157181;Dependiente;27047
38118933B;Rodrigo Gallardo Montero;646017512;Secretario;16760
61298895R;Gabriela Esteban Ferrer;648535397;Limpieza;65978
37641051S;Jimena Cabrera Benítez;643751981;Marketing;65978
49398637F;Arlet Herrero Lozano;632907890;Informatico;16760
14984984Y;Natalia Reyes Gutiérrez;637668454;Ingeniero;16760
57554743L;Cloe Blesa Serrano;603753087;Contable;26989
79102045N;Marco González Guerrero;624275018;Representante;71804
72634693E;Alan León Ortega;693811915;Informatico;65580
71274902H;Adam Sánchez Márquez;680429288;Representante;71804
81009913V;Elías Santos Sáez;686823695;Enfermero;26989
71394500P;Manuela Díaz Méndez;683279471;Contable;52085
90242033Z;Mateo Ramírez Nieto;649643426;Representante;26989
73210188X;Triana Cabrera Cambil;625514814;Médico;70876
16322231C;Manuel Guerrero Hidalgo;605890294;Secretario;40920
31411710U;Arnau Caballero Velasco;699479318;Enfermero;93544
28787504D;Celia Flores Esteban;632308840;Ingeniero;65978
57901702Z;Carla Alonso Marín;611136713;Ingeniero;71804
99233981B;Gala Ramírez Medina;659112109;Representante;65978
35911397I;Elena Cabrera Morales;666437953;Informatico;40920
12827243Q;Aina Lozano Soler;671406743;Limpieza;52085
44192668B;Jana Pastor Molina;661608686;Enfermero;93544
85308791T;Gabriela Molina Herrero;674669791;Ingeniero;27047
94367927L;Jana Pastor Benítez;683406176;Atención al cliente;70876
35949911D;Enzo Torres Flores;640166589;Marketing;71804
12393317A;África Prieto Medina;605505455;Ingeniero;97761
81789957Q;Rayan Muñoz Gallardo;696551323;Secretario;65978
96786247X;Aitor Lozano Fuentes;682133520;Secretario;71804
14969528A;Valentina Jiménez Caballero;678193996;Limpieza;27047
39066039C;Adam Cabrera Vargas;691577069;Marketing;93544
49369250N;Jaime Arias Arias;654050388;Enfermero;71804
72910102D;Mar Moya Montoro;667894300;Contable;70876
24988184X;Isabel González Giménez;618074708;Ingeniero;26989
51890159R;Elsa Esteban Guerrero;606180165;Enfermero;16760
36175204K;Luis Navarro Moya;635557523;Enfermero;52085
65066410V;Carolina Parra Fernández;688866225;Marketing;42042
82585623F;Cloe Rubio Ramos;665402306;Técnico;65978
55259492F;Gala Arias Ruiz;629618109;Gestion de stock;40920
10748060R;Yasmín Arias Sánchez;608368403;Limpieza;93544
81870750P;Saúl Cano Montero;685305970;Contable;65580
38153530D;Nicolás Hernández Cambil;648410606;Atención al cliente;86963
40697117F;Diego Cambil Durán;685041337;Secretario;42042
64065970L;Andrea Giménez Marín;612604455;Contable;52085
16820261T;Claudia Ibáñez Cortés;632809209;Representante;32426
70757704V;Chloe Sáez Jiménez;623307763;Técnico;42042
11185493Q;Adam Ortega Giménez;697786337;Marketing;70876
62381890G;Hugo García Rubio;676827516;Marketing;32426
79837340A;Amira Moya Jiménez;627219646;Limpieza;52138
93172752K;Fátima Lozano Fuentes;603864191;Limpieza;52138
88379884B;Alberto Sanz Alonso;603252717;Enfermero;27047
58999825Y;Héctor Cambil Díez;627768251;Representante;97761
97303260S;Juan Vargas Gil;632258111;Secretario;52085
29406290O;Nahia Ramos Hidalgo;647066902;Atención al cliente;16760
22151522L;Gonzalo García Vargas;621130937;Contable;65580
97127380Q;Fátima Gallego Vargas;640227800;Enfermero;86963
12070293L;Nerea Carmona Esteban;660182632;Dependiente;26989
39582879Z;Aarón Romero Medina;609979798;Dependiente;93544
79394475R;Rayan Flores Castro;647170179;Atención al cliente;27047
74163039L;Darío Prieto Durán;661847397;Marketing;70876
51752074H;Alma Ortega Delgado;603826306;Ingeniero;71804
13484845A;Isabel Mora Lozano;649772983;Secretario;26989
22799696V;Izan Marín Fuentes;696697928;Representante;52085
21972342M;David Serrano Ortiz;608851059;Enfermero;71804
33348810R;Carmen Parra Blesa;696150708;Marketing;42042
60155993S;Marc Prieto Domínguez;698508967;Informatico;32426
13247580W;Lucía Suárez Márquez;622231910;Limpieza;65580
45685328T;Mia Cortés Suárez;666929497;Atención al cliente;40920
80725471C;Macarena Gómez Gutiérrez;634881818;Ingeniero;70876
13491370X;Dylan Romero Santana;679763495;Enfermero;27047
77330535U;Antonio Santana Lozano;687759133;Médico;32426
70690515Y;Anas Rodríguez Carrasco;699600077;Marketing;71804
72618065Q;Manuel Ibáñez Díaz;649455076;Atención al cliente;65580
53746604I;Iria Vargas Álvarez;670857669;Atención al cliente;52085
47911730L;Aleix Montoro Blesa;609554449;Dependiente;97761
28846334W;José Suárez Ferrer;684921183;Atención al cliente;16760
61044528C;Aina Núñez Molina;668666266;Informatico;52085
75119733Y;Abril Serrano Vargas;646405295;Enfermero;42042
15569272B;Daniel Núñez Morales;688913412;Dependiente;86963
21368346P;Arnau Cano Gallardo;631213779;Informatico;97761
86610566C;Arlet Ferrer Iglesias;658325819;Gestion de stock;52138
23918975L;Lucas Delgado Vicente;643401585;Ingeniero;52138
38892758W;Isabel Cambil León;661942782;Gestion de stock;65978
29416563M;Victoria Ferrer León;699197817;Médico;16760
68110902O;Izan Vargas Vidal;606890018;Contable;16760
79998840J;Mario Campos Vargas;617139255;Secretario;97761
46606734C;Asier Serrano Santos;691594768;Técnico;52085
31325700F;Francisco Blanco Vicente;696319515;Enfermero;70876
93964747P;Erik Carrasco Méndez;698023306;Ingeniero;16760
29627199L;Gala Blesa Alonso;675111723;Ingeniero;71804
45677950Z;Asier Parra Cabrera;652292898;Marketing;42042
58917851C;Nil Díaz Molina;678218290;Secretario;97761
22150770B;Iria Blesa Carrasco;613897383;Contable;70876
72122029K;Alonso Cambil Esteban;643510135;Enfermero;71804
15662273T;Emma Molina Carrasco;615438923;Limpieza;97761
98552092U;Nil Aguilar Vázquez;646471606;Dependiente;70876
91856977J;Nora Lorenzo González;644271506;Dependiente;97761
91963722D;Héctor Parra Morales;648759649;Técnico;93544
32699917L;Saúl Romero Cano;698379723;Médico;27047
67053015J;Ángela Herrera Cano;689469947;Atención al cliente;32426
92763531E;Gonzalo Bravo Durán;644308447;Limpieza;65580
38241197C;Leyre Domínguez Mora;605485783;Médico;40920
47943856Z;Marco Peña Herrera;695999406;Atención al cliente;97761
70025549J;Nicolás Díez Delgado;644761389;Contable;32426
81292233V;Samuel García Cano;621042876;Enfermero;16760
13307259I;Miguel Iglesias Fuentes;660469561;Atención al cliente;93544
29703416I;Alicia Alonso Giménez;643442124;Enfermero;27047
68778947T;Luca Bravo Molina;649717303;Ingeniero;93544
28769509F;Amir Santana Pascual;643019075;Secretario;16760
14551296K;Gael Durán Giménez;695386051;Enfermero;70876
35746972C;Matías Martín Santana;611242709;Enfermero;86963
73475369T;Aleix López Gallego;608178047;Secretario;71804
19918891M;José Prieto Garrido;626422319;Técnico;65978
67701691F;Paula Cambil Torres;683935700;Médico;71804
16488540M;Francisco Herrero Romero;673960052;Técnico;71804
19662279P;Diana Ibáñez Fernández;651033472;Secretario;71804
83997414K;Nour Montero Gómez;695249972;Gestion de stock;93544
94323889L;Cloe Cano Domínguez;696346188;Representante;40920
72283492U;Alba Hidalgo Mora;638501995;Gestion de stock;42042
57990665B;Iris Prieto León;683211478;Informatico;40920
49343967O;Rafael Núñez Flores;683450772;Ingeniero;16760
78342407T;Martí Parra León;689524121;Dependiente;93544
90366731R;Inés Flores Gómez;602650613;Representante;52138
86785519Z;Matías Cruz Nieto;611171081;Representante;26989
49373601Y;Arnau Campos Campos;642242516;Médico;65580
49786240W;Isabel Blanco Mora;658839082;Contable;52085
65278117B;Aurora Soler González;611071704;Atención al cliente;52085
20350083G;Rocío Peña Pérez;629301281;Ingeniero;93544
74592097H;Amira Domínguez Ortega;623556026;Contable;65580
72182022T;Andrea Pascual Caballero;642655995;Contable;65978
95906603O;Zoe Rodríguez Durán;687746520;Secretario;52085
62229737Z;María Iglesias Gallardo;625384252;Contable;65580
58768742Y;Lucas Herrera Gallego;661090855;Contable;26989
98345088Z;Carlos Marín Martín;661247142;Ingeniero;70876
70003817I;Alejandra Montoro Cabrera;626213954;Dependiente;42042
20421526G;Rafael Cruz Ortiz;603942595;Secretario;65978
30544816R;Julieta Vidal Reyes;635144767;Ingeniero;40920
26823261V;Rodrigo Lorenzo Román;639735198;Técnico;97761
71994235H;Naia Molina Crespo;658247505;Técnico;65978
40607816K;Amira Molina Gómez;636103653;Enfermero;65978
68476363C;Eric Gutiérrez Pastor;688481789;Secretario;65978
73704819R;Lara Sánchez López;613746566;Médico;86963
68288414I;Helena Guerrero Román;683374657;Informatico;97761
13880753C;Pol Suárez Ruiz;668591901;Enfermero;16760
75875606L;Helena Núñez Bravo;606613902;Técnico;70876
15548987L;Mar Lozano Fernández;657189256;Enfermero;97761
14218163V;Javier Sánchez Soto;684320820;Limpieza;52138
21419061P;Teo Núñez Flores;637127578;Técnico;65580
76043817P;Ana Flores Ruiz;693578237;Enfermero;97761
94646283C;Aitor Campos Guerrero;679239272;Contable;52138
12443508N;Carlota Sáez Cortés;655475685;Enfermero;52138
43783593R;Elia Prieto Rey;695154170;Contable;52138
37098913E;Íker Lozano Giménez;640969109;Técnico;65978
57618964H;Candela Ramos Moreno;615125577;Enfermero;32426
42754379Q;Cayetana Ruiz Fernández;603467102;Enfermero;16760
54749015D;Clara Santana Cambil;647494350;Contable;40920
63865832I;Bruno Hernández Soler;682664562;Técnico;52085
60302932M;Carmen Ramírez Blesa;642312859;Técnico;97761
20204063Y;Álex Blanco Cambil;661024953;Representante;97761
20377263K;Eva Peña León;646857910;Contable;70876
61271872H;Víctor Vargas Méndez;624804741;Representante;26989
16778065N;Marc Vega Fernández;610681621;Enfermero;32426
87106918K;Julieta Caballero Alonso;628700756;Representante;42042
51470648A;Rafael Iglesias Soto;643822741;Gestion de stock;70876
58464302O;José Cabrera Díaz;692400856;Atención al cliente;16760
59112744B;Youssef Garrido Sanz;663039283;Marketing;97761
92945823T;Arlet Díez Crespo;690148395;Dependiente;27047
33770445Z;Noa Domínguez Suárez;620741058;Informatico;32426
78661311U;Pau Pastor Sánchez;648225973;Secretario;52085
83394937V;Ona Pérez Suárez;693773212;Médico;65580
69214021C;Alicia Blanco Montero;654852583;Limpieza;16760
82735717F;Noah Cortés Moreno;625687263;Gestion de stock;42042
36858001K;Ariadna Gómez Blanco;684152482;Médico;42042
51803863U;Martina Lorenzo Cano;644616183;Marketing;93544
46206315J;Íker Rubio Álvarez;633522802;Ingeniero;32426
23396221R;Javier Flores Delgado;667781925;Secretario;42042
38804161K;Luka Martín Vázquez;651884820;Gestion de stock;26989
84964685E;Liam Cambil Hernández;682669554;Atención al cliente;71804
90168041I;Paula Alonso Esteban;697853392;Técnico;42042
92615358M;María Soto Santana;670770869;Limpieza;97761
20782067N;Malak Jiménez Alonso;656717677;Marketing;86963
62181697X;Gala Martínez Fuentes;626357416;Técnico;65978
78262456Q;Marcos Suárez Cortés;638023949;Limpieza;97761
92389957Q;Azahara Garrido Gómez;679202804;Gestion de stock;93544
62374907U;Anas Guerrero Jiménez;617426688;Gestion de stock;42042
96336955G;Julieta Alonso Alonso;685396756;Enfermero;93544
53974947Q;Jan Vázquez Ruiz;645542200;Contable;52085
82000120Y;Fátima Aguilar Fernández;652997976;Atención al cliente;97761
42699974G;Ángel López Montoro;615040817;Técnico;86963
32449915L;Marc Molina Suárez;686169611;Informatico;97761
14535060B;Noah Flores Navarro;606646107;Contable;52138
93890865H;Amaia Blesa Navarro;694538327;Técnico;52085
20556836N;Jimena Ramos Fuentes;613843990;Marketing;40920
74190441T;Luka Vázquez Romero;608210152;Gestion de stock;42042
54934984M;Berta Calvo Pascual;678407941;Ingeniero;27047
73065859N;Carolina Gallego Santos;642555860;Limpieza;40920
77451210Y;María Parra Bravo;671937274;Atención al cliente;65580
88158471Z;Amira Gil Álvarez;620344657;Dependiente;65978
36689822N;Eric Campos Hernández;600946117;Representante;97761
21277651S;Elsa Díaz Gómez;685156256;Médico;97761
38925738Y;Luka Carrasco Fernández;671375023;Gestion de stock;93544
71609183R;Darío Iglesias Hernández;607880266;Ingeniero;65580
64926209R;Izan Cambil Rey;631159188;Ingeniero;86963
90603030R;Rafael Benítez Cano;616749725;Limpieza;52138
47618272I;Aurora Parra Martínez;668849490;Gestion de stock;16760
95251331V;Ian Ramos Moya;689106943;Limpieza;52138
12986993H;Julieta Jiménez Guerrero;619345562;Dependiente;70876
50354514L;Jorge Ortega Delgado;612984602;Representante;65978
23641128F;Hugo Arias Sáez;623908013;Dependiente;27047
80506271Q;Martina Crespo Ruiz;689205769;Atención al cliente;42042
39917229O;Amira Vargas Lozano;670867404;Dependiente;42042
37525408L;Clara Rubio Herrero;636284920;Representante;86963
20346819H;Biel Iglesias Blesa;618453004;Secretario;40920
18060702I;Elsa Aguilar Díez;648400294;Atención al cliente;86963
83451134W;Berta Vega Sánchez;694665760;Limpieza;65978
85863178Q;Ainara Peña Ramírez;669143123;Médico;70876
71537690H;Héctor Delgado Parra;647749289;Limpieza;86963
10508131I;Teo Martín Blesa;620933399;Médico;40920
20647032R;Iván Ferrer Fuentes;643535932;Atención al cliente;26989
83683358A;Mateo Díez Vicente;635241055;Enfermero;65580
31824922W;Aina Soto Blesa;697482019;Secretario;71804
95735462M;Antonio Román Torres;686667301;Técnico;86963
15927705E;Luna Carrasco Medina;674430319;Gestion de stock;93544
32422291D;Leire Cambil Méndez;651356050;Representante;93544
75943420L;Lucas Reyes Hidalgo;642147296;Marketing;52138
53857201G;Noah Caballero Núñez;637690249;Contable;27047
56644142R;Amir Santiago González;698528426;Dependiente;40920
35898275V;Ignacio Fernández Blesa;660899212;Ingeniero;27047
95618025F;Lucía Fernández López;636386391;Representante;16760
16343579G;Liam Méndez Ibáñez;673766583;Médico;93544
17715336E;Ainara Guerrero Lorenzo;699338030;Atención al cliente;52085
72488500B;Laia Medina Herrera;635811466;Marketing;52085
21678179B;Cloe León Torres;670103522;Secretario;97761
80253057F;Ángel Fuentes Benítez;656859982;Representante;86963
51249942N;Francisco Ibáñez Vega;651078456;Limpieza;65580
15510503O;Fátima Díez Pastor;691684458;Gestion de stock;40920
10892447L;Nora Parra Fernández;670677143;Enfermero;52138
31137971J;Andrés Torres Moreno;675186306;Dependiente;52138
57307312Z;María Esteban Cano;655574109;Técnico;86963
13839837L;Aina Iglesias Moya;600132688;Contable;42042
81498395O;Mar Velasco Prieto;616637598;Médico;70876
27423104P;Asier Durán Moreno;601282634;Técnico;97761
23068177M;Alejandro Muñoz Gil;623372474;Ingeniero;97761
51215619Y;Noa Sáez Crespo;633608866;Dependiente;65580
21580901L;Alejandra Vidal Suárez;678517117;Técnico;65978
47099970L;Rocío Ruiz Sáez;609601696;Enfermero;71804
94301958J;Mario Santana Hernández;620101818;Técnico;26989
40239288Y;Marc Flores Cabrera;620503023;Representante;16760
67589905C;Jorge Durán Carrasco;667974057;Limpieza;32426
55185226G;Amaia Gutiérrez Flores;693314281;Dependiente;42042
47971494K;Eric Guerrero Ruiz;649254999;Informatico;97761
38192580I;Triana Gil López;639225566;Médico;32426
36120769E;Clara Prieto Ramos;680358190;Contable;71804
12455580G;Elena Cambil Fuentes;624325843;Enfermero;32426
40359369E;Teo Álvarez Moreno;630403046;Ingeniero;40920
89516635J;Lina Ferrer Hidalgo;631210147;Técnico;52138
44533013V;Unai Fuentes Soler;699573758;Limpieza;65580
92783250A;Marco Blanco Lozano;684290831;Limpieza;52138
81854949C;Lara Blanco Gil;636731377;Limpieza;26989
28480285J;Rayan Vargas Crespo;659740785;Representante;27047
60803883O;María Guerrero Mora;623175139;Marketing;70876
78275322Z;Emma Serrano Santiago;660699197;Médico;16760
79458113D;Carla Moreno Vega;630576664;Dependiente;26989
58749480E;Marc Cortés Flores;674372782;Representante;27047
99325612H;Cayetana Ibáñez Cruz;668992940;Dependiente;52085
50745278S;Alicia Pérez Santiago;662007199;Dependiente;65580
41016724X;Liam Díez Rey;670277472;Gestion de stock;71804
22759932F;Julieta León Domínguez;621858661;Secretario;86963
28431425A;Ainhoa Vázquez Ortega;633071060;Informatico;86963
55987618K;Max Gallego Peña;623829286;Médico;65978
92557874L;Biel Hernández Medina;635822693;Contable;71804
31461102Y;Ona Gómez Núñez;629683927;Ingeniero;93544
70553873L;Pedro Vicente Giménez;621849995;Limpieza;16760
68312899Y;Darío Núñez Crespo;605645782;Enfermero;52085
12164653A;Jesús Iglesias Martín;639489226;Enfermero;52138
81784434F;Marta Moreno Romero;639091697;Representante;65978
64641592I;Luis Moreno Pastor;663499692;Técnico;16760
98984591H;Isabel Bravo Vargas;623784132;Gestion de stock;93544
82045353Y;Santiago Peña Sánchez;653542410;Ingeniero;71804
76473583F;Gabriela Hernández Montero;643872912;Marketing;86963
57273482E;Aitor Márquez Mora;688507368;Contable;52085
85681153S;Lucas Benítez Vidal;614947958;Informatico;52085
30365789X;Ana Vázquez Soler;680318477;Médico;97761
88445035F;Martina Soto Cabrera;661833114;Gestion de stock;97761
74834629Q;Chloe Rey Márquez;600951496;Médico;42042
16255388F;Guillermo Sanz Medina;634320935;Contable;97761
53897343C;Aina Cabrera Bravo;609080385;Atención al cliente;70876
93560480P;Amira Lorenzo Soler;635667154;Gestion de stock;86963
84644933W;Ian Cano Pérez;660225690;Gestion de stock;93544
78648209L;Fabio Flores Medina;621257713;Médico;42042
44504295L;Imran Prieto Vega;669104210;Ingeniero;16760
75186237C;Asier Cortés Prieto;638410574;Limpieza;40920
25919196I;Sofía Navarro Soto;682765660;Marketing;26989
80836982B;Ariadna Carmona Serrano;648365053;Limpieza;52138
15664090E;Jon Delgado López;667092642;Limpieza;93544
87401922Q;Ariadna Carrasco Montoro;697037331;Atención al cliente;52138
69663370M;Jon Nieto Gómez;698025101;Marketing;27047
43749891D;Guillermo Arias Rubio;614480512;Contable;52138
56121193V;Jana Hernández Peña;681252590;Ingeniero;97761
59746296V;Juan Gil Fuentes;664766582;Informatico;32426
71059066L;Manuela Medina Guerrero;648408310;Marketing;42042
21179968X;Alonso Cabrera Montero;612651449;Contable;52085
95330193J;Bruno Fernández Fernández;609653304;Ingeniero;42042
67256399S;África Campos Santiago;659167495;Informatico;65580
44938399X;Isabel Márquez Muñoz;651522659;Marketing;40920
15417832D;Carlota Torres Moreno;650766003;Médico;93544
55644639Z;Laura Montero Prieto;666823970;Atención al cliente;32426
12421066U;Guillermo Herrera Castro;691482503;Marketing;32426
78579296V;Julia Serrano Vidal;626735764;Secretario;52138
66442434F;Cloe Vázquez Méndez;606947403;Técnico;16760
54677026B;Julen Montoro Crespo;685792990;Informatico;71804
35173478I;Triana Mora Márquez;657847342;Marketing;65978
89329050V;Aina Gutiérrez Gil;624841727;Marketing;65978
30666514S;Antonio León Rodríguez;669129671;Limpieza;65978
93648735N;Teo Medina Caballero;684410159;Contable;42042
94241548J;Leo Martín Caballero;656901332;Limpieza;26989
32978813L;Valeria Vega Pascual;639195419;Informatico;52138
29392810P;Malak Sáez Velasco;600632053;Dependiente;86963
19727146E;Nerea Prieto Vázquez;695882995;Técnico;65580
14097402Q;Chloe Navarro Sánchez;680591008;Contable;52138
77955091V;Julia Domínguez Jiménez;676674630;Contable;71804
59023544X;Martín Pastor Arias;609385257;Médico;70876
70323323I;Macarena López León;601748587;Secretario;40920
16515643O;Natalia Gil Soler;661026488;Marketing;40920
34898372Q;Alan Hidalgo Álvarez;628237113;Técnico;70876
77341023E;Cayetana Sanz Torres;669747470;Médico;26989
92267659U;Aina Reyes Núñez;601081590;Técnico;32426
28187028A;Isabel Giménez Delgado;612004790;Gestion de stock;71804
21989503P;Alejandra Muñoz Caballero;638484005;Gestion de stock;65580
84171067D;Teo Montoro Díez;643386415;Limpieza;40920
53314627V;Nora Pastor Muñoz;642017366;Representante;71804
82992366T;Alejandro Prieto Vázquez;606466037;Dependiente;52085
17600812O;Luka Ruiz Cruz;675340552;Enfermero;27047
11537526S;Ana Molina Arias;620384958;Marketing;65978
78235885I;Asier Carrasco Vázquez;603982608;Atención al cliente;86963
69020509N;Nicolás Sánchez Bravo;665038670;Médico;52085
29093867V;Nour Peña Soler;668462690;Médico;97761
42859390F;Elsa Molina Bravo;674499303;Atención al cliente;65580
80011154F;Andrea Esteban Domínguez;626402171;Enfermero;27047
63009191A;Thiago Romero Santos;613978879;Atención al cliente;86963
56575893G;Adriana Reyes Montero;689810662;Secretario;40920
99496420C;Manuela Santiago Santana;606079787;Atención al cliente;16760
93177740U;Alejandro Sánchez Muñoz;631427990;Ingeniero;71804
60286221N;Alba Rey Sáez;681925106;Médico;71804
78417345U;Lucas Vicente Velasco;691252025;Secretario;52138
45205667S;Gonzalo Ortiz Méndez;610787872;Marketing;16760
45827456J;Guillermo Gómez Garrido;633620062;Atención al cliente;65580
78321051K;Marcos Vicente Prieto;632586625;Secretario;52138
78884600E;Juan Montoro Morales;656564225;Médico;86963
97211360B;Ignacio Fernández Ortega;653852754;Enfermero;52085
60096968Y;Diego Ruiz Reyes;678326576;Médico;32426
30839659K;Yasmín Herrera Caballero;698520593;Técnico;52085
35517978Y;Asier Iglesias Gutiérrez;679728972;Limpieza;52085
11577467A;Jon Díez Molina;676947003;Representante;65978
91168264L;Clara Díaz Suárez;679811084;Secretario;52085
94236967B;Carlota Ramos Ortiz;695013440;Limpieza;93544
96362542E;Ander Ruiz Pascual;691098603;Técnico;65978
21963974H;Blanca Martínez Ferrer;619493787;Enfermero;16760
75453935S;Teo Serrano Soler;624566457;Ingeniero;52138
56208138Y;Aina Santana Rubio;648375622;Dependiente;93544
85994801F;Fabio Santiago Soler;633679369;Dependiente;27047
89684147U;Martín Alonso Jiménez;635766006;Atención al cliente;86963
94214090B;Lia Núñez Castillo;601872538;Enfermero;65978
69089387P;Carlos Vidal Blanco;662853602;Informatico;27047
34658724J;Chloe Gallego Vargas;625075030;Enfermero;32426
13815961R;Carlota Molina Mora;610469533;Dependiente;70876
23363760W;Daniela Gallego Giménez;684160762;Ingeniero;26989
15984503A;Valeria Durán Cambil;668288942;Enfermero;65580
91563714F;Andrea Moreno Pascual;630978376;Atención al cliente;93544
25868476M;India Martínez Garrido;625562438;Ingeniero;52085
34170377U;Carlota Gallardo Jiménez;654928491;Secretario;32426
54710887D;Manuela Nieto Núñez;609714931;Dependiente;27047
65176267I;India Núñez Pastor;648960699;Dependiente;52085
21618977F;Lucía Rodríguez Vázquez;694825931;Atención al cliente;27047
87045187U;Andrea Iglesias Vidal;665443249;Dependiente;93544
75946947U;Arnau Ortega Hidalgo;675266971;Informatico;27047
14083240M;Elías Álvarez Giménez;668904221;Ingeniero;97761
99799550L;Carolina Delgado Rubio;684219753;Contable;40920
91426662Q;Rodrigo Herrero Blanco;622226902;Marketing;52085
80670889V;Laura Bravo Fuentes;687135293;Contable;93544
36903025T;Izan Arias Parra;658901608;Ingeniero;65580
67851197J;Miguel Pascual Herrera;697608172;Ingeniero;52138
48687445U;Luka Lozano Fuentes;692108639;Limpieza;97761
56420466Z;Isabella Blesa Fuentes;699435974;Marketing;86963
77290217U;Martí Montoro Medina;631140377;Técnico;93544
34010383O;Iván Lozano Ramos;699858671;Secretario;40920
21502668M;Leire Vega Ferrer;604820013;Técnico;70876
91377714H;Aina Hidalgo Cano;689115161;Informatico;40920
86848639W;Enzo Ortiz Garrido;619047852;Enfermero;70876
29910791N;Fernando Sanz Soto;600596669;Médico;26989
89601154D;Alejandra Arias Nieto;611098332;Ingeniero;27047
68620114Y;Rodrigo Sánchez Soto;647368409;Médico;97761
54843395I;Aitana Guerrero Vargas;687070872;Enfermero;65978
17875302M;Diego Jiménez Hidalgo;689365237;Informatico;65978
40884982U;Nicolás Cambil Martín;685573317;Ingeniero;65978
74415170M;Noah Medina Campos;635752069;Dependiente;71804
87216068Z;Héctor Vicente Martín;684042545;Representante;32426
29475169I;Alma Ortega Campos;674753756;Secretario;97761
85604090B;Alan Arias Cano;684414011;Secretario;32426
71305427Z;Mia Montoro Ortega;601244554;Limpieza;40920
17786693S;Clara Guerrero Cabrera;601671606;Atención al cliente;65580
83631958J;Amira Peña Cabrera;610369086;Informatico;65580
57506786S;Javier Carrasco Vidal;651846728;Contable;86963
28725720Y;Sergio Blesa Castillo;611631767;Marketing;42042
20382001L;Jimena Castro Rodríguez;675176304;Dependiente;52138
67026772N;Ignacio Iglesias Castillo;605547907;Marketing;70876
28159974R;Isabella Reyes Blesa;625510088;Secretario;52085
49183547Q;María Ramírez Bravo;655190054;Atención al cliente;16760
47161012D;Marc Román Caballero;688234747;Dependiente;86963
48653824A;Mohamed González Garrido;654969860;Técnico;93544
20546566M;Unai Garrido Soto;696273790;Informatico;52138
96946830W;Lia Parra Blanco;658927594;Técnico;32426
54316892J;Amir Moya Santana;619197017;Ingeniero;71804
73612598C;Álvaro Hidalgo González;676952698;Informatico;65978
59092613G;Daniela Romero Caballero;660263282;Limpieza;65580
10240979H;Asier Garrido Parra;685405994;Representante;27047
25939966W;Teo Cortés León;684089747;Médico;32426
34024005M;Rubén Medina Martín;606488364;Médico;32426
18265920I;Nour Esteban Ferrer;698833099;Informatico;32426
67135071Y;Rodrigo Hernández Díez;611374612;Representante;93544
78279418X;Santiago Ruiz Pérez;687238861;Enfermero;71804
61990222P;Santiago Cambil Martínez;676755127;Secretario;27047
18369705E;Amira Sanz Nieto;680152889;Contable;52138
41481248A;Aina Esteban León;629912731;Limpieza;65580
11783073Y;Aarón Vargas Cano;677001103;Marketing;27047
90060037V;Guillermo Prieto Vargas;614667979;Atención al cliente;71804
50606059R;Luka Esteban Montero;652193085;Contable;97761
90109641D;Julia Benítez Ruiz;614021567;Informatico;71804
23709441Y;Alicia Soler Suárez;651572001;Contable;27047
96240395E;Jesús León Calvo;640713424;Técnico;40920
84003914M;Irene Suárez Flores;606266753;Secretario;27047
17192540Q;Inés Delgado Hernández;691100813;Ingeniero;97761
29005495X;Francisco Nieto Campos;641639572;Informatico;27047
90509325P;Miguel Santana Vázquez;610477714;Dependiente;32426
60705233Z;Darío Cambil Carmona;644634548;Limpieza;42042
32332505Z;Marcos Santos Vázquez;618801400;Médico;26989
64360358B;Rayan Ruiz Serrano;607939360;Médico;40920
87219797G;Isabel León Medina;657059718;Limpieza;32426
39034774G;Pedro Pérez Ortiz;629421856;Enfermero;27047
96725611K;Daniela Gallego Montero;605476636;Ingeniero;65580
48920997J;Azahara Álvarez Santiago;606186681;Dependiente;70876
31771803R;Alicia Reyes Domínguez;690318798;Médico;40920
12705685N;Natalia Vázquez Martín;695268728;Informatico;40920
76922044B;Arnau Garrido Sáez;671657222;Médico;65978
84709257M;Lucía Herrera Nieto;655410625;Representante;42042
97277760S;África Castro Vargas;667538999;Gestion de stock;65580
40062054I;Marta Crespo Jiménez;621887224;Informatico;26989
54593476Y;Lara Santiago Lozano;618725492;Dependiente;86963
70899864S;Jorge Gallego León;679320455;Representante;16760
54670348P;Raúl Montero Guerrero;695196967;Médico;32426
33364802R;Asier Jiménez Vidal;690816787;Médico;71804
38485229V;Ander Vega Marín;683835385;Atención al cliente;86963
19459240R;Marta Soler Ibáñez;613267236;Representante;27047
77346523V;Fernando Campos Nieto;689534391;Representante;65978
57907047X;Ander Lozano Ramos;651934813;Marketing;42042
98684823P;Santiago Morales Fuentes;689817041;Técnico;52138
37588498I;Sergio Castillo Flores;645225402;Gestion de stock;86963
72076568E;Aurora Moya Castillo;650178149;Enfermero;97761
73147862Z;Samuel Castillo Bravo;640425246;Secretario;32426
35879774Q;Alberto Herrero Soler;656649521;Atención al cliente;86963
18907686Z;Isabella Vega Torres;627956756;Gestion de stock;32426
43972662X;Triana Nieto Soto;625432256;Limpieza;70876
92279830L;Rafael Arias Molina;666157472;Representante;86963
17278494K;Iria Blesa Iglesias;688123420;Contable;52085
45230065V;Cloe Rubio Ramos;625503710;Marketing;93544
75079017R;Lara Suárez Parra;618315707;Enfermero;70876
83969632I;Rodrigo Núñez León;637833737;Limpieza;70876
31775379Z;Olivia Molina Montoro;675990439;Médico;70876
96184358E;Aitana Méndez Martín;677215914;Ingeniero;70876
71692045Q;Rocío Mora Romero;648499908;Marketing;26989
62024373L;Aarón Lorenzo Santiago;612498489;Enfermero;93544
37999575N;Azahara Bravo Vega;649731973;Técnico;70876
62450070U;Alan Vega Prieto;637390766;Gestion de stock;71804
21299462X;Fernando Pascual Blanco;625770062;Técnico;93544
41352750Q;África Ortiz Vicente;669487738;Contable;86963
85056989X;Nora Vega Lorenzo;623187713;Secretario;93544
52005154A;Pedro Suárez Martínez;629025356;Ingeniero;97761
34384213U;Rayan Ferrer Núñez;674784358;Ingeniero;40920
72477928Z;Valeria Soto Márquez;676621235;Marketing;52138
32453752L;Rodrigo Fernández Gallardo;665623222;Contable;65580
51139264P;Aroa Arias Medina;639377744;Representante;65580
33031310M;Jaime Hidalgo Ibáñez;694662639;Limpieza;97761
94731523I;Candela Mora Soler;698084451;Dependiente;52085
93375166S;Elia Morales Gutiérrez;642996013;Gestion de stock;65580
10610851V;Rodrigo Mora Garrido;685635742;Dependiente;52085
39959646Z;Ana Calvo Lozano;633115378;Atención al cliente;42042
27512138C;Triana Sanz Fuentes;607891498;Médico;70876
26543439D;Abril Serrano Hidalgo;636115586;Médico;97761
25336618S;Nour Fuentes Lozano;609701390;Gestion de stock;42042
96681823F;Marc Ortiz Díez;658426962;Marketing;42042
97728324Q;Elena Román Serrano;649012220;Médico;97761
32308184K;Álvaro Flores Muñoz;699524271;Dependiente;42042
87194460J;Naia Nieto Soto;604721718;Gestion de stock;40920
42286451B;Noah Cruz Cano;668150825;Gestion de stock;26989
50829653O;Alma Vicente Ruiz;656757804;Ingeniero;70876
98671710O;Ander Martínez Serrano;665318340;Enfermero;65580
43366639C;Elías González García;640607537;Gestion de stock;52138
65730075K;Jorge Blanco Sánchez;602359437;Contable;97761
98630363U;Antonio Gallardo Hernández;695246275;Enfermero;93544
48469220T;Malak Fernández Gil;662600972;Médico;16760
24783558E;Zoe Núñez Durán;636933795;Gestion de stock;65978
23686811T;Oliver Méndez Muñoz;611118580;Informatico;26989
36912477P;Mohamed Moreno Rubio;672714335;Médico;70876
35488335L;Anas Fuentes Méndez;622589813;Dependiente;40920
46842632E;Alicia Esteban Rubio;632466021;Técnico;52085
73882618X;Fabio Soto Garrido;621206468;Enfermero;97761
28967303J;Saúl Sanz Domínguez;642705660;Informatico;97761
20091119Y;Aroa Calvo Parra;609117500;Secretario;97761
39362540N;Isaac Molina López;670331910;Contable;42042
63744570W;Ángela Vicente Ferrer;670893457;Informatico;52085
59910472A;Rodrigo Caballero Ortiz;671801965;Representante;16760
95867310E;Javier Herrera Lorenzo;683705572;Secretario;27047
75565959H;Izan Herrera Giménez;617397754;Gestion de stock;27047
11566488S;Nuria Flores Marín;652233859;Representante;52085
64127400V;Saúl Suárez García;656775699;Marketing;93544
77694080G;Gala Soler Iglesias;671411173;Gestion de stock;65580
19190504U;Luna Herrera Sanz;696706619;Marketing;71804
18211746Z;Rubén Aguilar Cambil;692332279;Enfermero;16760
35360356M;Marc Bravo Castro;639055126;Dependiente;97761
74046796U;Gabriel Garrido Ferrer;693397783;Ingeniero;93544
75945361V;Aroa Blanco Ferrer;603697566;Técnico;52138
64432743P;Iria Arias Carrasco;664097746;Técnico;65978
26479526D;Nerea Núñez González;629622907;Enfermero;97761
44611254K;Alonso Fuentes Rey;674427208;Técnico;52138
39896724S;Laura Montero Morales;630489203;Contable;71804
43595555D;Alma Santiago Cambil;698370552;Representante;65978
18935422H;Lucas López Molina;641135483;Secretario;70876
13695182M;Vera López Ibáñez;623165923;Atención al cliente;70876
18298858K;Sofía Gil Morales;663287956;Técnico;52085
37344223Y;Gabriel Lozano Gil;694381351;Atención al cliente;93544
38762761U;Marcos Álvarez León;631696690;Secretario;71804
63435481X;Paula Vargas García;694355600;Contable;65978
65390434U;Diego Carmona Rubio;685476207;Marketing;52138
23760804P;Ángel Caballero Hidalgo;632647514;Representante;93544
63940413B;Triana Prieto Torres;666392872;Dependiente;70876
64350685V;Gabriela Vázquez Carmona;679416554;Ingeniero;86963
50243889R;Rafael Sánchez Vicente;664115591;Médico;52085
63708774X;Fernando Díez Ortega;604806681;Limpieza;65978
19224994H;Aina Bravo Herrero;609122715;Secretario;52138
52890275K;Íker Díez Ortiz;694861869;Secretario;93544
41708073B;Dylan Soto Pastor;677516075;Técnico;93544
38486840Q;Elsa Rodríguez Román;621048508;Gestion de stock;65978
61663528X;Amira Iglesias Gil;621010165;Informatico;32426
14266035E;Cloe Castro Rey;659355345;Representante;65580
23294239B;Teo Román Garrido;699953686;Limpieza;52138
57574999F;Laia Giménez Giménez;627028660;Secretario;52085
47704520F;Amaia Carrasco Campos;611751021;Limpieza;71804
19779506U;Rocío Gutiérrez Mora;632666294;Informatico;42042
74718891Q;Pablo Ruiz Blesa;621986269;Atención al cliente;52138
56280014Q;Aitana Nieto Cortés;673509573;Enfermero;40920
60874464M;Álvaro Durán Cabrera;659719518;Informatico;93544
26338277V;Víctor Parra Santos;616479132;Técnico;16760
51555884W;Sara Méndez Molina;662648426;Gestion de stock;65978
86585993A;Chloe Gallardo García;621453774;Técnico;65978
43634849K;Nicolás Cortés Castro;651703309;Dependiente;71804
59698601D;Azahara León Carrasco;650248329;Técnico;97761
65765873T;Axel Sáez Blanco;641988505;Técnico;70876
24348992S;Iris León Vargas;619617456;Ingeniero;42042
43051508Q;Alejandro Gallardo Jiménez;686268852;Contable;26989
50621709L;Leire Suárez Durán;647096208;Representante;97761
11468577V;Víctor Sanz Vidal;646933456;Enfermero;52085
37532154F;Pedro Prieto Molina;669371976;Contable;32426
36130676Y;Alba Ramos Herrero;651028343;Ingeniero;52085
64847861S;Berta Carrasco Cabrera;622935831;Médico;40920
56602905Q;Noa Pascual Santos;616035160;Médico;26989
79724057L;Amir Medina Herrero;613771059;Técnico;16760
50774717Q;Max Méndez Ramírez;673177710;Informatico;26989
49343233R;Cloe Garrido Lozano;620667107;Secretario;97761
68537588C;Berta Guerrero Gil;692496702;Enfermero;52138
58383842A;Gael Gallardo Arias;659860487;Médico;86963
41323014H;Adam Iglesias Gallardo;694228695;Representante;42042
57777763M;Mara Ramírez Reyes;633846144;Enfermero;26989
20674173U;Íker Vidal Vicente;646457300;Técnico;26989
24716375W;Mohamed Bravo Serrano;623902322;Contable;97761
23701173J;Francisco Pascual Mora;662067277;Médico;65978
71723293D;Axel Ferrer Montero;698055895;Enfermero;32426
49305252Q;Natalia Esteban Ortiz;655943928;Ingeniero;65580
80930625M;Juan Gallego Morales;633979091;Ingeniero;65580
19309031B;Luna Díaz González;686500943;Dependiente;16760
43978954R;Manuela Morales Sanz;634681373;Ingeniero;97761
81123426Y;Ángela Castillo Campos;652765949;Ingeniero;40920
64076095P;Jan Torres Parra;698027765;Ingeniero;86963
96783030U;Marina Blanco Delgado;626642954;Enfermero;65580
57963214K;Guillermo Hidalgo Reyes;666277883;Atención al cliente;71804
64413796I;Martín Ortega Díaz;641784955;Informatico;16760
25786583S;Paula Domínguez Crespo;692953606;Técnico;40920
80210286H;Imran Blesa Martínez;696086575;Dependiente;26989
40464662K;Leire Flores Vicente;680432235;Limpieza;86963
38028071P;Irene Santos Esteban;686915628;Informatico;32426
48259905V;Andrés Cano Lorenzo;668074537;Marketing;42042
29013824R;Pablo Navarro Rubio;662055843;Marketing;52138
56421646V;Natalia Sáez Velasco;631389821;Limpieza;97761
84149792L;Amir Sáez Calvo;601543560;Médico;26989
61067200U;Gabriel Cano Bravo;662029274;Gestion de stock;65978
45305875S;Héctor Ruiz Serrano;646073091;Marketing;70876
95028622L;Natalia Campos Castillo;652180564;Informatico;32426
46446230V;Abril Martínez Gallardo;666952620;Gestion de stock;52138
37575970G;Arlet Campos Gil;640023390;Representante;86963
69997937R;Ainara Aguilar Cano;657074814;Ingeniero;16760
48135244S;Carla Garrido Herrero;677959681;Técnico;26989
18726398J;Victoria Martínez Gil;673500958;Enfermero;42042
89619186Y;Elena Ortiz Montoro;637806332;Informatico;93544
64393781A;Helena Vázquez Soler;623016416;Dependiente;42042
21842427A;Asier Domínguez Gutiérrez;603127978;Dependiente;86963
61546183U;Fabio Velasco López;610845680;Técnico;26989
58791794T;Max Navarro Vicente;622694925;Secretario;16760
67691480E;Carlota Marín Sánchez;651094355;Enfermero;71804
96194684H;Ángel Vargas Núñez;664764501;Ingeniero;97761
31425141E;Ignacio Rubio Esteban;601080377;Informatico;40920
70191425C;Mar Santiago Garrido;677111144;Secretario;52085
15739069D;Antonio Romero Parra;660373649;Informatico;40920
24751457S;Lia Benítez Román;694505383;Ingeniero;52085
14751658K;Jaime Hernández Velasco;690329399;Marketing;27047
24367546S;Candela Prieto Sanz;622239091;Atención al cliente;65580
70554299L;Neizan Soler Vega;610991747;Gestion de stock;70876
80555518K;Izan García León;678225215;Técnico;86963
45465612E;Liam Cano Peña;678085358;Enfermero;52085
15421387I;Azahara Cruz Herrera;675206014;Técnico;40920
31243508S;Elías Méndez Santiago;659396925;Dependiente;71804
98790828A;Gabriel Romero Sanz;684098375;Técnico;16760
77799197B;Cayetana Prieto León;602166574;Ingeniero;70876
77271839J;Nil Ferrer Soto;635895581;Enfermero;26989
36640080N;Darío Guerrero Carrasco;649659842;Contable;71804
32869509P;Triana Vázquez Díez;659992621;Informatico;71804
87478686Q;Amira Vega Delgado;692784703;Contable;42042
82280217L;Max Castro González;621433686;Gestion de stock;65978
29806012T;Nil Vázquez Santos;623509364;Secretario;93544
51069314Q;Carla Muñoz Esteban;649538025;Secretario;97761
39882348O;Héctor Díez Garrido;646770593;Médico;86963
42490358R;Carla Carmona Gallego;644602801;Médico;97761
89059049V;Malak Morales Ibáñez;678551809;Informatico;70876
90351877A;Ander Campos Parra;660139376;Marketing;27047
85040489C;Leo Morales Rubio;653551163;Marketing;52085
68288716E;Pol Herrero Campos;635622221;Marketing;40920
55057945Z;Fernando Rodríguez Campos;671429364;Enfermero;97761
25196965L;Noah Ramos López;641693377;Marketing;27047
81623208L;Gonzalo Gallego Velasco;602605870;Secretario;86963
